kb,example_set,fold,zero_neg_train,n_train_pos,n_train_neg,n_test_pos,n_test_neg,n_test_total,negatives,condition,k,n_bias,size,desc_p,desc_r,desc_f1,clause_p,clause_r,clause_f1,sem_p,sem_r,sem_f1,exact_equiv,accuracy,tp,tn,fp,fn,specificity,n_mss,n_cover,n_support,n_kb,n_uncoverable,n_components,largest_component,n_greedy_fallback,stage1_ms,cover_ms,reduce_ms,total_ms,oracle_queries,stage1_batch_checks,checks_total,checks_gate,checks_admpool,checks_cover_rej,checks_cover_qx,checks_redundancy,preprocessing_checks,preprocessing_ms,memory_mb,convergence_reason,qa_max_queries,qa_timeout_s,quacq_bandaid_drops,quacq_findc_unconfirmed,quacq_empty_scope_appends,quacq_prune_partial_pruned,quacq_prune_complete_pruned
arcade-game,2cov,0,0,0,8,1,5,6,n/a,A,,1755,1754,0.03819840364880274,0.9571428571428572,0.07346491228070175,0.07214765100671142,0.9923076923076923,0.13451511991657977,0.06942949407965554,0.9923076923076923,0.12977867203219315,0,0.8333333333333334,0,5,0,1,1.0,1754,0,0,1754,0,0,0,0,18.886955978814512,0.0,0.0,18.886955978814512,0,12,12,1,11,0,0,0,0,0.0,0.0,,,,,,,,
arcade-game,2cov,0,0,0,8,1,5,6,reduced,C,,1755,1,1.0,0.014285714285714285,0.028169014084507043,1.0,0.015384615384615385,0.030303030303030307,1.0,0.015384615384615385,0.030303030303030307,0,1.0,1,5,0,0,1.0,1754,1,0,1,0,1,1642,1,18.886955978814512,2293.8967919908464,0.0,2312.783747969661,0,12,14044,1,11,14032,0,0,84,135.3862069081515,0.0,,,,,,,,
arcade-game,2cov,0,0,0,8,1,5,6,reduced,C∪S,1,1755,1,1.0,0.014285714285714285,0.028169014084507043,1.0,0.015384615384615385,0.030303030303030307,1.0,0.015384615384615385,0.030303030303030307,0,1.0,1,5,0,0,1.0,1754,1,0,1,0,1,1642,1,18.886955978814512,2293.8967919908464,0.4865420050919056,2313.270289974753,0,12,14045,1,11,14032,0,1,84,135.3862069081515,0.0,,,,,,,,
arcade-game,2cov,0,0,0,8,1,5,6,reduced,C∪S,2,1755,1,1.0,0.014285714285714285,0.028169014084507043,1.0,0.015384615384615385,0.030303030303030307,1.0,0.015384615384615385,0.030303030303030307,0,1.0,1,5,0,0,1.0,1754,1,0,1,0,1,1642,1,18.886955978814512,2293.8967919908464,0.23962504928931594,2313.02337301895,0,12,14045,1,11,14032,0,1,84,135.3862069081515,0.0,,,,,,,,
arcade-game,2cov,0,0,0,8,1,5,6,reduced,C∪S,3,1755,1,1.0,0.014285714285714285,0.028169014084507043,1.0,0.015384615384615385,0.030303030303030307,1.0,0.015384615384615385,0.030303030303030307,0,1.0,1,5,0,0,1.0,1754,1,0,1,0,1,1642,1,18.886955978814512,2293.8967919908464,0.24287501582875848,2313.0266229854897,0,12,14045,1,11,14032,0,1,84,135.3862069081515,0.0,,,,,,,,
arcade-game,2cov,0,0,0,8,1,5,6,reduced,C∪S,5,1755,1,1.0,0.014285714285714285,0.028169014084507043,1.0,0.015384615384615385,0.030303030303030307,1.0,0.015384615384615385,0.030303030303030307,0,1.0,1,5,0,0,1.0,1754,1,0,1,0,1,1642,1,18.886955978814512,2293.8967919908464,0.2477919915691018,2313.03153996123,0,12,14045,1,11,14032,0,1,84,135.3862069081515,0.0,,,,,,,,
arcade-game,2cov,0,0,0,8,1,5,6,raw,C,,1755,1,1.0,0.014285714285714285,0.028169014084507043,1.0,0.015384615384615385,0.030303030303030307,1.0,0.015384615384615385,0.030303030303030307,0,1.0,1,5,0,0,1.0,1754,1,0,1,0,1,1642,1,18.453420198056847,2314.1766249900684,0.0,2332.630045188125,0,12,14044,1,11,14032,0,0,0,0.0,0.0,,,,,,,,
arcade-game,2cov,0,0,0,8,1,5,6,raw,C∪S,1,1755,1,1.0,0.014285714285714285,0.028169014084507043,1.0,0.015384615384615385,0.030303030303030307,1.0,0.015384615384615385,0.030303030303030307,0,1.0,1,5,0,0,1.0,1754,1,0,1,0,1,1642,1,18.453420198056847,2314.1766249900684,0.34425000194460154,2332.97429519007,0,12,14045,1,11,14032,0,1,0,0.0,0.0,,,,,,,,
arcade-game,2cov,0,0,0,8,1,5,6,raw,C∪S,2,1755,1,1.0,0.014285714285714285,0.028169014084507043,1.0,0.015384615384615385,0.030303030303030307,1.0,0.015384615384615385,0.030303030303030307,0,1.0,1,5,0,0,1.0,1754,1,0,1,0,1,1642,1,18.453420198056847,2314.1766249900684,0.31287502497434616,2332.9429202130996,0,12,14045,1,11,14032,0,1,0,0.0,0.0,,,,,,,,
arcade-game,2cov,0,0,0,8,1,5,6,raw,C∪S,3,1755,1,1.0,0.014285714285714285,0.028169014084507043,1.0,0.015384615384615385,0.030303030303030307,1.0,0.015384615384615385,0.030303030303030307,0,1.0,1,5,0,0,1.0,1754,1,0,1,0,1,1642,1,18.453420198056847,2314.1766249900684,0.24529104121029377,2332.8753362293355,0,12,14045,1,11,14032,0,1,0,0.0,0.0,,,,,,,,
arcade-game,2cov,0,0,0,8,1,5,6,raw,C∪S,5,1755,1,1.0,0.014285714285714285,0.028169014084507043,1.0,0.015384615384615385,0.030303030303030307,1.0,0.015384615384615385,0.030303030303030307,0,1.0,1,5,0,0,1.0,1754,1,0,1,0,1,1642,1,18.453420198056847,2314.1766249900684,0.21954200929030776,2332.8495871974155,0,12,14045,1,11,14032,0,1,0,0.0,0.0,,,,,,,,
arcade-game,2cov,1,0,1,9,0,4,4,n/a,A,,1755,1185,0.056540084388185655,0.9571428571428572,0.10677290836653386,0.10556464811783961,0.9923076923076923,0.1908284023668639,0.10804020100502512,0.9923076923076923,0.19486404833836854,0,1.0,0,4,0,0,1.0,1185,0,0,1185,0,0,0,0,5111.7971510393545,0.0,0.0,5111.7971510393545,0,2452,2452,1,2451,0,0,0,0,0.0,0.0,,,,,,,,
arcade-game,2cov,1,0,1,9,0,4,4,reduced,C,,1755,2,0.5,0.014285714285714285,0.02777777777777778,0.75,0.023076923076923078,0.04477611940298507,0.75,0.023076923076923078,0.04477611940298507,0,1.0,0,4,0,0,1.0,1185,2,0,2,0,1,1122,1,5111.7971510393545,2194.7530829929747,0.0,7306.550234032329,0,2452,13117,1,2451,10665,0,0,81,137.70333398133516,0.0,,,,,,,,
arcade-game,2cov,1,0,1,9,0,4,4,reduced,C∪S,1,1755,71,0.4084507042253521,0.4142857142857143,0.4113475177304965,0.7045454545454546,0.7153846153846154,0.7099236641221374,0.7724550898203593,0.9923076923076923,0.8686868686868687,0,1.0,0,4,0,0,1.0,1185,2,1183,71,0,1,1122,1,5111.7971510393545,2194.7530829929747,182.13729199487716,7488.687526027206,0,2452,14302,1,2451,10665,0,1185,81,137.70333398133516,0.0,,,,,,,,
arcade-game,2cov,1,0,1,9,0,4,4,reduced,C∪S,2,1755,2,0.5,0.014285714285714285,0.02777777777777778,0.75,0.023076923076923078,0.04477611940298507,0.75,0.023076923076923078,0.04477611940298507,0,1.0,0,4,0,0,1.0,1185,2,0,2,0,1,1122,1,5111.7971510393545,2194.7530829929747,0.795917003415525,7307.346151035745,0,2452,13119,1,2451,10665,0,2,81,137.70333398133516,0.0,,,,,,,,
arcade-game,2cov,1,0,1,9,0,4,4,reduced,C∪S,3,1755,2,0.5,0.014285714285714285,0.02777777777777778,0.75,0.023076923076923078,0.04477611940298507,0.75,0.023076923076923078,0.04477611940298507,0,1.0,0,4,0,0,1.0,1185,2,0,2,0,1,1122,1,5111.7971510393545,2194.7530829929747,0.8045000140555203,7307.354734046385,0,2452,13119,1,2451,10665,0,2,81,137.70333398133516,0.0,,,,,,,,
arcade-game,2cov,1,0,1,9,0,4,4,reduced,C∪S,5,1755,2,0.5,0.014285714285714285,0.02777777777777778,0.75,0.023076923076923078,0.04477611940298507,0.75,0.023076923076923078,0.04477611940298507,0,1.0,0,4,0,0,1.0,1185,2,0,2,0,1,1122,1,5111.7971510393545,2194.7530829929747,0.787292025052011,7307.337526057381,0,2452,13119,1,2451,10665,0,2,81,137.70333398133516,0.0,,,,,,,,
arcade-game,2cov,1,0,1,9,0,4,4,raw,C,,1755,2,0.5,0.014285714285714285,0.02777777777777778,0.75,0.023076923076923078,0.04477611940298507,0.75,0.023076923076923078,0.04477611940298507,0,1.0,0,4,0,0,1.0,1185,2,0,2,0,1,1122,1,5159.827043360565,2429.551833018195,0.0,7589.37887637876,0,2452,13117,1,2451,10665,0,0,0,0.0,0.0,,,,,,,,
arcade-game,2cov,1,0,1,9,0,4,4,raw,C∪S,1,1755,71,0.4084507042253521,0.4142857142857143,0.4113475177304965,0.7045454545454546,0.7153846153846154,0.7099236641221374,0.7724550898203593,0.9923076923076923,0.8686868686868687,0,1.0,0,4,0,0,1.0,1185,2,1183,71,0,1,1122,1,5159.827043360565,2429.551833018195,199.08462499734014,7788.4635013761,0,2452,14302,1,2451,10665,0,1185,0,0.0,0.0,,,,,,,,
arcade-game,2cov,1,0,1,9,0,4,4,raw,C∪S,2,1755,2,0.5,0.014285714285714285,0.02777777777777778,0.75,0.023076923076923078,0.04477611940298507,0.75,0.023076923076923078,0.04477611940298507,0,1.0,0,4,0,0,1.0,1185,2,0,2,0,1,1122,1,5159.827043360565,2429.551833018195,0.8273330167867243,7590.2062093955465,0,2452,13119,1,2451,10665,0,2,0,0.0,0.0,,,,,,,,
arcade-game,2cov,1,0,1,9,0,4,4,raw,C∪S,3,1755,2,0.5,0.014285714285714285,0.02777777777777778,0.75,0.023076923076923078,0.04477611940298507,0.75,0.023076923076923078,0.04477611940298507,0,1.0,0,4,0,0,1.0,1185,2,0,2,0,1,1122,1,5159.827043360565,2429.551833018195,0.7533750031143427,7590.132251381874,0,2452,13119,1,2451,10665,0,2,0,0.0,0.0,,,,,,,,
arcade-game,2cov,1,0,1,9,0,4,4,raw,C∪S,5,1755,2,0.5,0.014285714285714285,0.02777777777777778,0.75,0.023076923076923078,0.04477611940298507,0.75,0.023076923076923078,0.04477611940298507,0,1.0,0,4,0,0,1.0,1185,2,0,2,0,1,1122,1,5159.827043360565,2429.551833018195,0.7117079803720117,7590.090584359132,0,2452,13119,1,2451,10665,0,2,0,0.0,0.0,,,,,,,,
arcade-game,2cov,2,0,1,9,0,4,4,n/a,A,,1755,1185,0.056540084388185655,0.9571428571428572,0.10677290836653386,0.10556464811783961,0.9923076923076923,0.1908284023668639,0.10804020100502512,0.9923076923076923,0.19486404833836854,0,1.0,0,4,0,0,1.0,1185,0,0,1185,0,0,0,0,4985.445290862117,0.0,0.0,4985.445290862117,0,2452,2452,1,2451,0,0,0,0,0.0,0.0,,,,,,,,
arcade-game,2cov,2,0,1,9,0,4,4,reduced,C,,1755,2,0.5,0.014285714285714285,0.02777777777777778,0.75,0.023076923076923078,0.04477611940298507,0.75,0.023076923076923078,0.04477611940298507,0,1.0,0,4,0,0,1.0,1185,2,0,2,0,1,1119,1,4985.445290862117,2219.4326250464655,0.0,7204.8779159085825,0,2452,13117,1,2451,10665,0,0,91,158.21833297377452,0.0,,,,,,,,
arcade-game,2cov,2,0,1,9,0,4,4,reduced,C∪S,1,1755,71,0.4084507042253521,0.4142857142857143,0.4113475177304965,0.7045454545454546,0.7153846153846154,0.7099236641221374,0.7724550898203593,0.9923076923076923,0.8686868686868687,0,1.0,0,4,0,0,1.0,1185,2,1183,71,0,1,1119,1,4985.445290862117,2219.4326250464655,196.51429203804582,7401.392207946628,0,2452,14302,1,2451,10665,0,1185,91,158.21833297377452,0.0,,,,,,,,
arcade-game,2cov,2,0,1,9,0,4,4,reduced,C∪S,2,1755,2,0.5,0.014285714285714285,0.02777777777777778,0.75,0.023076923076923078,0.04477611940298507,0.75,0.023076923076923078,0.04477611940298507,0,1.0,0,4,0,0,1.0,1185,2,0,2,0,1,1119,1,4985.445290862117,2219.4326250464655,0.9384590084664524,7205.816374917049,0,2452,13119,1,2451,10665,0,2,91,158.21833297377452,0.0,,,,,,,,
arcade-game,2cov,2,0,1,9,0,4,4,reduced,C∪S,3,1755,2,0.5,0.014285714285714285,0.02777777777777778,0.75,0.023076923076923078,0.04477611940298507,0.75,0.023076923076923078,0.04477611940298507,0,1.0,0,4,0,0,1.0,1185,2,0,2,0,1,1119,1,4985.445290862117,2219.4326250464655,0.8769170381128788,7205.754832946695,0,2452,13119,1,2451,10665,0,2,91,158.21833297377452,0.0,,,,,,,,
arcade-game,2cov,2,0,1,9,0,4,4,reduced,C∪S,5,1755,2,0.5,0.014285714285714285,0.02777777777777778,0.75,0.023076923076923078,0.04477611940298507,0.75,0.023076923076923078,0.04477611940298507,0,1.0,0,4,0,0,1.0,1185,2,0,2,0,1,1119,1,4985.445290862117,2219.4326250464655,0.8876250358298421,7205.765540944412,0,2452,13119,1,2451,10665,0,2,91,158.21833297377452,0.0,,,,,,,,
arcade-game,2cov,2,0,1,9,0,4,4,raw,C,,1755,2,0.5,0.014285714285714285,0.02777777777777778,0.75,0.023076923076923078,0.04477611940298507,0.75,0.023076923076923078,0.04477611940298507,0,1.0,0,4,0,0,1.0,1185,2,0,2,0,1,1119,1,4873.602650652174,2245.2304160105996,0.0,7118.8330666627735,0,2452,13117,1,2451,10665,0,0,0,0.0,0.0,,,,,,,,
arcade-game,2cov,2,0,1,9,0,4,4,raw,C∪S,1,1755,71,0.4084507042253521,0.4142857142857143,0.4113475177304965,0.7045454545454546,0.7153846153846154,0.7099236641221374,0.7724550898203593,0.9923076923076923,0.8686868686868687,0,1.0,0,4,0,0,1.0,1185,2,1183,71,0,1,1119,1,4873.602650652174,2245.2304160105996,185.48500002361834,7304.318066686392,0,2452,14302,1,2451,10665,0,1185,0,0.0,0.0,,,,,,,,
arcade-game,2cov,2,0,1,9,0,4,4,raw,C∪S,2,1755,2,0.5,0.014285714285714285,0.02777777777777778,0.75,0.023076923076923078,0.04477611940298507,0.75,0.023076923076923078,0.04477611940298507,0,1.0,0,4,0,0,1.0,1185,2,0,2,0,1,1119,1,4873.602650652174,2245.2304160105996,0.8567919721826911,7119.689858634956,0,2452,13119,1,2451,10665,0,2,0,0.0,0.0,,,,,,,,
arcade-game,2cov,2,0,1,9,0,4,4,raw,C∪S,3,1755,2,0.5,0.014285714285714285,0.02777777777777778,0.75,0.023076923076923078,0.04477611940298507,0.75,0.023076923076923078,0.04477611940298507,0,1.0,0,4,0,0,1.0,1185,2,0,2,0,1,1119,1,4873.602650652174,2245.2304160105996,0.8175830007530749,7119.650649663527,0,2452,13119,1,2451,10665,0,2,0,0.0,0.0,,,,,,,,
arcade-game,2cov,2,0,1,9,0,4,4,raw,C∪S,5,1755,2,0.5,0.014285714285714285,0.02777777777777778,0.75,0.023076923076923078,0.04477611940298507,0.75,0.023076923076923078,0.04477611940298507,0,1.0,0,4,0,0,1.0,1185,2,0,2,0,1,1119,1,4873.602650652174,2245.2304160105996,0.7717499975115061,7119.604816660285,0,2452,13119,1,2451,10665,0,2,0,0.0,0.0,,,,,,,,
arcade-game,2cov,0,0,0,8,1,5,6,n/a,QuAcq,,1755,3,1.0,0.04285714285714286,0.0821917808219178,1.0,0.038461538461538464,0.07407407407407407,1.0,0.038461538461538464,0.07407407407407407,0,0.8333333333333334,1,4,1,0,0.8,0,0,0,3,0,0,0,0,3903.7308340193704,0.0,0.0,3903.7308340193704,37,,0,0,0,0,0,0,0,0.0,2.392599105834961,pool_exhausted,,,0,0,0,122,0
arcade-game,2cov,1,0,1,9,0,4,4,n/a,QuAcq,,1755,2,1.0,0.02857142857142857,0.05555555555555556,1.0,0.023076923076923078,0.04511278195488722,1.0,0.023076923076923078,0.04511278195488722,0,0.5,0,2,2,0,0.5,0,0,0,2,0,0,0,0,3237.0341250207275,0.0,0.0,3237.0341250207275,27,,0,0,0,0,0,0,0,0.0,2.414815902709961,pool_exhausted,,,0,0,0,77,547
arcade-game,2cov,2,0,1,9,0,4,4,n/a,QuAcq,,1755,3,1.0,0.04285714285714286,0.0821917808219178,1.0,0.03076923076923077,0.059701492537313446,1.0,0.03076923076923077,0.059701492537313446,0,1.0,0,4,0,0,1.0,0,0,0,3,0,0,0,0,4370.770500041544,0.0,0.0,4370.770500041544,36,,0,0,0,0,0,0,0,0.0,2.430234909057617,pool_exhausted,,,0,0,0,139,525
arcade-game,2cov,0,0,0,8,1,5,6,n/a,QuAcq-active,,1755,27,0.8888888888888888,0.34285714285714286,0.4948453608247422,1.0,0.2923076923076923,0.4523809523809524,1.0,0.2923076923076923,0.4523809523809524,0,1.0,1,5,0,0,1.0,0,0,0,27,0,0,0,0,5213442.725957953,0.0,0.0,5213442.725957953,5000,,0,0,0,0,0,0,0,0.0,86.02885818481445,max_queries,5000,7200.0,326,13,0,702,0
arcade-game,2cov,1,0,1,9,0,4,4,n/a,QuAcq-active,,1755,27,0.8888888888888888,0.34285714285714286,0.4948453608247422,1.0,0.2923076923076923,0.4523809523809524,1.0,0.2923076923076923,0.4523809523809524,0,1.0,0,4,0,0,1.0,0,0,0,27,0,0,0,0,5213442.725957953,0.0,0.0,5213442.725957953,5000,,0,0,0,0,0,0,0,0.0,86.02885818481445,max_queries,5000,7200.0,326,13,0,702,0
arcade-game,2cov,2,0,1,9,0,4,4,n/a,QuAcq-active,,1755,27,0.8888888888888888,0.34285714285714286,0.4948453608247422,1.0,0.2923076923076923,0.4523809523809524,1.0,0.2923076923076923,0.4523809523809524,0,1.0,0,4,0,0,1.0,0,0,0,27,0,0,0,0,5213442.725957953,0.0,0.0,5213442.725957953,5000,,0,0,0,0,0,0,0,0.0,86.02885818481445,max_queries,5000,7200.0,326,13,0,702,0
arcade-game,ff,0,0,11,3,6,2,8,n/a,A,,1755,893,0.07502799552071669,0.9571428571428572,0.13914849428868123,0.13930885529157666,0.9923076923076923,0.2443181818181818,0.13123092573753814,0.9923076923076923,0.23180592991913748,0,0.25,0,2,0,6,1.0,893,0,0,893,0,0,0,0,21696.93556515267,0.0,0.0,21696.93556515267,0,2702,2702,1,2701,0,0,0,0,0.0,0.0,,,,,,,,
arcade-game,ff,0,0,11,3,6,2,8,reduced,C,,1755,1,1.0,0.014285714285714285,0.028169014084507043,1.0,0.015384615384615385,0.030303030303030307,1.0,0.015384615384615385,0.030303030303030307,0,0.875,6,1,1,0,0.5,893,1,0,1,0,1,532,1,21696.93556515267,529.891082958784,0.0,22226.826648111455,0,2702,5381,1,2701,2679,0,0,24,40.27625103481114,0.0,,,,,,,,
arcade-game,ff,0,0,11,3,6,2,8,reduced,C∪S,1,1755,80,0.475,0.5428571428571428,0.5066666666666667,0.6612903225806451,0.6307692307692307,0.6456692913385826,0.7152777777777778,0.7923076923076923,0.7518248175182481,0,0.5,2,2,0,4,1.0,893,1,330,80,0,1,532,1,21696.93556515267,529.891082958784,55.711790977511555,22282.538439088967,0,2702,5712,1,2701,2679,0,331,24,40.27625103481114,0.0,,,,,,,,
arcade-game,ff,0,0,11,3,6,2,8,reduced,C∪S,2,1755,49,0.6326530612244898,0.44285714285714284,0.5210084033613446,0.8024691358024691,0.5,0.6161137440758294,0.8351648351648352,0.5846153846153846,0.6877828054298644,0,0.875,5,2,0,1,1.0,893,1,109,49,0,1,532,1,21696.93556515267,529.891082958784,22.214624972548336,22249.041273084003,0,2702,5491,1,2701,2679,0,110,24,40.27625103481114,0.0,,,,,,,,
arcade-game,ff,0,0,11,3,6,2,8,reduced,C∪S,3,1755,33,0.8484848484848485,0.4,0.5436893203883495,0.9666666666666667,0.4461538461538462,0.6105263157894737,0.9850746268656716,0.5076923076923077,0.6700507614213197,0,1.0,6,2,0,0,1.0,893,1,58,33,0,1,532,1,21696.93556515267,529.891082958784,12.536957976408303,22239.363606087863,0,2702,5440,1,2701,2679,0,59,24,40.27625103481114,0.0,,,,,,,,
arcade-game,ff,0,0,11,3,6,2,8,reduced,C∪S,5,1755,32,0.84375,0.38571428571428573,0.5294117647058824,0.9661016949152542,0.43846153846153846,0.6031746031746031,0.9848484848484849,0.5,0.6632653061224489,0,1.0,6,2,0,0,1.0,893,1,57,32,0,1,532,1,21696.93556515267,529.891082958784,12.179584009572864,22239.006232121028,0,2702,5439,1,2701,2679,0,58,24,40.27625103481114,0.0,,,,,,,,
arcade-game,ff,0,0,11,3,6,2,8,raw,C,,1755,1,1.0,0.014285714285714285,0.028169014084507043,1.0,0.015384615384615385,0.030303030303030307,1.0,0.015384615384615385,0.030303030303030307,0,0.875,6,1,1,0,0.5,893,1,0,1,0,1,532,1,21291.944693541154,550.0791660160758,0.0,21842.02385955723,0,2702,5381,1,2701,2679,0,0,0,0.0,0.0,,,,,,,,
arcade-game,ff,0,0,11,3,6,2,8,raw,C∪S,1,1755,80,0.475,0.5428571428571428,0.5066666666666667,0.6612903225806451,0.6307692307692307,0.6456692913385826,0.7152777777777778,0.7923076923076923,0.7518248175182481,0,0.5,2,2,0,4,1.0,893,1,330,80,0,1,532,1,21291.944693541154,550.0791660160758,57.063458021730185,21899.08731757896,0,2702,5712,1,2701,2679,0,331,0,0.0,0.0,,,,,,,,
arcade-game,ff,0,0,11,3,6,2,8,raw,C∪S,2,1755,49,0.6326530612244898,0.44285714285714284,0.5210084033613446,0.8024691358024691,0.5,0.6161137440758294,0.8351648351648352,0.5846153846153846,0.6877828054298644,0,0.875,5,2,0,1,1.0,893,1,109,49,0,1,532,1,21291.944693541154,550.0791660160758,22.97041699057445,21864.994276547804,0,2702,5491,1,2701,2679,0,110,0,0.0,0.0,,,,,,,,
arcade-game,ff,0,0,11,3,6,2,8,raw,C∪S,3,1755,33,0.8484848484848485,0.4,0.5436893203883495,0.9666666666666667,0.4461538461538462,0.6105263157894737,0.9850746268656716,0.5076923076923077,0.6700507614213197,0,1.0,6,2,0,0,1.0,893,1,58,33,0,1,532,1,21291.944693541154,550.0791660160758,12.968791008461267,21854.99265056569,0,2702,5440,1,2701,2679,0,59,0,0.0,0.0,,,,,,,,
arcade-game,ff,0,0,11,3,6,2,8,raw,C∪S,5,1755,32,0.84375,0.38571428571428573,0.5294117647058824,0.9661016949152542,0.43846153846153846,0.6031746031746031,0.9848484848484849,0.5,0.6632653061224489,0,1.0,6,2,0,0,1.0,893,1,57,32,0,1,532,1,21291.944693541154,550.0791660160758,12.817999988328665,21854.84185954556,0,2702,5439,1,2701,2679,0,58,0,0.0,0.0,,,,,,,,
arcade-game,ff,1,0,11,3,6,2,8,n/a,A,,1755,776,0.08634020618556701,0.9571428571428572,0.15839243498817965,0.15945611866501855,0.9923076923076923,0.2747603833865815,0.1624685138539043,0.9923076923076923,0.2792207792207792,0,0.25,0,2,0,6,1.0,776,0,0,776,0,0,0,0,24541.51624784572,0.0,0.0,24541.51624784572,0,2867,2867,1,2866,0,0,0,0,0.0,0.0,,,,,,,,
arcade-game,ff,1,0,11,3,6,2,8,reduced,C,,1755,1,1.0,0.014285714285714285,0.028169014084507043,1.0,0.015384615384615385,0.030303030303030307,1.0,0.015384615384615385,0.030303030303030307,0,1.0,6,2,0,0,1.0,776,1,0,1,0,1,490,1,24541.51624784572,611.6811250103638,0.0,25153.197372856084,0,2867,5195,1,2866,2328,0,0,28,50.2729180152528,0.0,,,,,,,,
arcade-game,ff,1,0,11,3,6,2,8,reduced,C∪S,1,1755,88,0.4318181818181818,0.5428571428571428,0.4810126582278481,0.5968992248062015,0.5923076923076923,0.5945945945945946,0.6506849315068494,0.7307692307692307,0.6884057971014493,0,0.375,1,2,0,5,1.0,776,1,447,88,0,1,490,1,24541.51624784572,611.6811250103638,102.94400004204363,25256.141372898128,0,2867,5643,1,2866,2328,0,448,28,50.2729180152528,0.0,,,,,,,,
arcade-game,ff,1,0,11,3,6,2,8,reduced,C∪S,2,1755,43,0.6976744186046512,0.42857142857142855,0.5309734513274337,0.8571428571428571,0.46153846153846156,0.6,0.8875,0.5461538461538461,0.6761904761904761,0,0.75,4,2,0,2,1.0,776,1,90,43,0,1,490,1,24541.51624784572,611.6811250103638,25.762083008885384,25178.95945586497,0,2867,5286,1,2866,2328,0,91,28,50.2729180152528,0.0,,,,,,,,
arcade-game,ff,1,0,11,3,6,2,8,reduced,C∪S,3,1755,34,0.8235294117647058,0.4,0.5384615384615384,0.9508196721311475,0.4461538461538462,0.6073298429319371,0.9705882352941176,0.5076923076923077,0.6666666666666666,0,0.875,5,2,0,1,1.0,776,1,62,34,0,1,490,1,24541.51624784572,611.6811250103638,19.01308394735679,25172.21045680344,0,2867,5258,1,2866,2328,0,63,28,50.2729180152528,0.0,,,,,,,,
arcade-game,ff,1,0,11,3,6,2,8,reduced,C∪S,5,1755,33,0.8181818181818182,0.38571428571428573,0.5242718446601942,0.95,0.43846153846153846,0.6,0.9701492537313433,0.5,0.6598984771573605,0,0.875,5,2,0,1,1.0,776,1,61,33,0,1,490,1,24541.51624784572,611.6811250103638,20.004292018711567,25173.201664874796,0,2867,5257,1,2866,2328,0,62,28,50.2729180152528,0.0,,,,,,,,
arcade-game,ff,1,0,11,3,6,2,8,raw,C,,1755,1,1.0,0.014285714285714285,0.028169014084507043,1.0,0.015384615384615385,0.030303030303030307,1.0,0.015384615384615385,0.030303030303030307,0,1.0,6,2,0,0,1.0,776,1,0,1,0,1,490,1,28014.533179695718,569.9704160215333,0.0,28584.50359571725,0,2867,5195,1,2866,2328,0,0,0,0.0,0.0,,,,,,,,
arcade-game,ff,1,0,11,3,6,2,8,raw,C∪S,1,1755,88,0.4318181818181818,0.5428571428571428,0.4810126582278481,0.5968992248062015,0.5923076923076923,0.5945945945945946,0.6506849315068494,0.7307692307692307,0.6884057971014493,0,0.375,1,2,0,5,1.0,776,1,447,88,0,1,490,1,28014.533179695718,569.9704160215333,80.8850409812294,28665.38863669848,0,2867,5643,1,2866,2328,0,448,0,0.0,0.0,,,,,,,,
arcade-game,ff,1,0,11,3,6,2,8,raw,C∪S,2,1755,43,0.6976744186046512,0.42857142857142855,0.5309734513274337,0.8571428571428571,0.46153846153846156,0.6,0.8875,0.5461538461538461,0.6761904761904761,0,0.75,4,2,0,2,1.0,776,1,90,43,0,1,490,1,28014.533179695718,569.9704160215333,21.253166953101754,28605.756762670353,0,2867,5286,1,2866,2328,0,91,0,0.0,0.0,,,,,,,,
arcade-game,ff,1,0,11,3,6,2,8,raw,C∪S,3,1755,34,0.8235294117647058,0.4,0.5384615384615384,0.9508196721311475,0.4461538461538462,0.6073298429319371,0.9705882352941176,0.5076923076923077,0.6666666666666666,0,0.875,5,2,0,1,1.0,776,1,62,34,0,1,490,1,28014.533179695718,569.9704160215333,15.723375021480024,28600.22697073873,0,2867,5258,1,2866,2328,0,63,0,0.0,0.0,,,,,,,,
arcade-game,ff,1,0,11,3,6,2,8,raw,C∪S,5,1755,33,0.8181818181818182,0.38571428571428573,0.5242718446601942,0.95,0.43846153846153846,0.6,0.9701492537313433,0.5,0.6598984771573605,0,0.875,5,2,0,1,1.0,776,1,61,33,0,1,490,1,28014.533179695718,569.9704160215333,14.761166996322572,28599.264762713574,0,2867,5257,1,2866,2328,0,62,0,0.0,0.0,,,,,,,,
arcade-game,ff,2,0,12,4,5,1,6,n/a,A,,1755,782,0.08567774936061381,0.9571428571428572,0.1572769953051643,0.1573170731707317,0.9923076923076923,0.27157894736842103,0.16125,0.9923076923076923,0.2774193548387097,0,0.16666666666666666,0,1,0,5,1.0,782,0,0,782,0,0,0,0,26085.907828819472,0.0,0.0,26085.907828819472,0,2866,2866,1,2865,0,0,0,0,0.0,0.0,,,,,,,,
arcade-game,ff,2,0,12,4,5,1,6,reduced,C,,1755,1,1.0,0.014285714285714285,0.028169014084507043,1.0,0.015384615384615385,0.030303030303030307,1.0,0.015384615384615385,0.030303030303030307,0,1.0,5,1,0,0,1.0,782,1,0,1,0,1,599,1,26085.907828819472,706.0254160314798,0.0,26791.933244850952,0,2866,5994,1,2865,3128,0,0,36,65.54083403898403,0.0,,,,,,,,
arcade-game,ff,2,0,12,4,5,1,6,reduced,C∪S,1,1755,97,0.3917525773195876,0.5428571428571428,0.4550898203592814,0.5547445255474452,0.5846153846153846,0.5692883895131087,0.6329113924050633,0.7692307692307693,0.6944444444444444,0,0.3333333333333333,1,1,0,4,1.0,782,1,454,97,0,1,599,1,26085.907828819472,706.0254160314798,83.45754095353186,26875.390785804484,0,2866,6449,1,2865,3128,0,455,36,65.54083403898403,0.0,,,,,,,,
arcade-game,ff,2,0,12,4,5,1,6,reduced,C∪S,2,1755,44,0.6590909090909091,0.4142857142857143,0.5087719298245614,0.8309859154929577,0.45384615384615384,0.5870646766169154,0.8860759493670886,0.5384615384615384,0.6698564593301435,0,0.5,2,1,0,3,1.0,782,1,98,44,0,1,599,1,26085.907828819472,706.0254160314798,23.38099997723475,26815.314244828187,0,2866,6093,1,2865,3128,0,99,36,65.54083403898403,0.0,,,,,,,,
arcade-game,ff,2,0,12,4,5,1,6,reduced,C∪S,3,1755,37,0.7567567567567568,0.4,0.5233644859813084,0.90625,0.4461538461538462,0.5979381443298969,0.9436619718309859,0.5153846153846153,0.6666666666666665,0,0.5,2,1,0,3,1.0,782,1,77,37,0,1,599,1,26085.907828819472,706.0254160314798,20.80270799342543,26812.735952844378,0,2866,6072,1,2865,3128,0,78,36,65.54083403898403,0.0,,,,,,,,
arcade-game,ff,2,0,12,4,5,1,6,reduced,C∪S,5,1755,35,0.7714285714285715,0.38571428571428573,0.5142857142857142,0.9193548387096774,0.43846153846153846,0.59375,0.9558823529411765,0.5,0.6565656565656566,0,0.5,2,1,0,3,1.0,782,1,70,35,0,1,599,1,26085.907828819472,706.0254160314798,17.408124986104667,26809.341369837057,0,2866,6065,1,2865,3128,0,71,36,65.54083403898403,0.0,,,,,,,,
arcade-game,ff,2,0,12,4,5,1,6,raw,C,,1755,1,1.0,0.014285714285714285,0.028169014084507043,1.0,0.015384615384615385,0.030303030303030307,1.0,0.015384615384615385,0.030303030303030307,0,1.0,5,1,0,0,1.0,782,1,0,1,0,1,599,1,26627.873449004255,672.8039580048062,0.0,27300.67740700906,0,2866,5994,1,2865,3128,0,0,0,0.0,0.0,,,,,,,,
arcade-game,ff,2,0,12,4,5,1,6,raw,C∪S,1,1755,97,0.3917525773195876,0.5428571428571428,0.4550898203592814,0.5547445255474452,0.5846153846153846,0.5692883895131087,0.6329113924050633,0.7692307692307693,0.6944444444444444,0,0.3333333333333333,1,1,0,4,1.0,782,1,454,97,0,1,599,1,26627.873449004255,672.8039580048062,82.4534579878673,27383.13086499693,0,2866,6449,1,2865,3128,0,455,0,0.0,0.0,,,,,,,,
arcade-game,ff,2,0,12,4,5,1,6,raw,C∪S,2,1755,44,0.6590909090909091,0.4142857142857143,0.5087719298245614,0.8309859154929577,0.45384615384615384,0.5870646766169154,0.8860759493670886,0.5384615384615384,0.6698564593301435,0,0.5,2,1,0,3,1.0,782,1,98,44,0,1,599,1,26627.873449004255,672.8039580048062,23.26166699640453,27323.939074005466,0,2866,6093,1,2865,3128,0,99,0,0.0,0.0,,,,,,,,
arcade-game,ff,2,0,12,4,5,1,6,raw,C∪S,3,1755,37,0.7567567567567568,0.4,0.5233644859813084,0.90625,0.4461538461538462,0.5979381443298969,0.9436619718309859,0.5153846153846153,0.6666666666666665,0,0.5,2,1,0,3,1.0,782,1,77,37,0,1,599,1,26627.873449004255,672.8039580048062,17.609374946914613,27318.286781955976,0,2866,6072,1,2865,3128,0,78,0,0.0,0.0,,,,,,,,
arcade-game,ff,2,0,12,4,5,1,6,raw,C∪S,5,1755,35,0.7714285714285715,0.38571428571428573,0.5142857142857142,0.9193548387096774,0.43846153846153846,0.59375,0.9558823529411765,0.5,0.6565656565656566,0,0.5,2,1,0,3,1.0,782,1,70,35,0,1,599,1,26627.873449004255,672.8039580048062,16.13529201131314,27316.812699020375,0,2866,6065,1,2865,3128,0,71,0,0.0,0.0,,,,,,,,
arcade-game,ff,0,0,11,3,6,2,8,n/a,QuAcq,,1755,1,1.0,0.014285714285714285,0.028169014084507043,1.0,0.007692307692307693,0.015267175572519085,1.0,0.007692307692307693,0.015267175572519085,0,1.0,6,2,0,0,1.0,0,0,0,1,0,0,0,0,2931.2797089805827,0.0,0.0,2931.2797089805827,20,,0,0,0,0,0,0,0,0.0,2.389791488647461,pool_exhausted,,,0,0,0,2,862
arcade-game,ff,1,0,11,3,6,2,8,n/a,QuAcq,,1755,1,1.0,0.014285714285714285,0.028169014084507043,1.0,0.007692307692307693,0.015267175572519085,1.0,0.007692307692307693,0.015267175572519085,0,1.0,6,2,0,0,1.0,0,0,0,1,0,0,0,0,3518.796290969476,0.0,0.0,3518.796290969476,20,,0,0,0,0,0,0,0,0.0,2.261770248413086,pool_exhausted,,,0,0,0,2,978
arcade-game,ff,2,0,12,4,5,1,6,n/a,QuAcq,,1755,1,1.0,0.014285714285714285,0.028169014084507043,1.0,0.007692307692307693,0.015267175572519085,1.0,0.007692307692307693,0.015267175572519085,0,1.0,5,1,0,0,1.0,0,0,0,1,0,0,0,0,3435.798416961916,0.0,0.0,3435.798416961916,21,,0,0,0,0,0,0,0,0.0,2.271383285522461,pool_exhausted,,,0,0,0,0,973
arcade-game,ff,0,0,11,3,6,2,8,n/a,QuAcq-active,,1755,27,0.8888888888888888,0.34285714285714286,0.4948453608247422,1.0,0.2923076923076923,0.4523809523809524,1.0,0.2923076923076923,0.4523809523809524,0,1.0,6,2,0,0,1.0,0,0,0,27,0,0,0,0,5213442.725957953,0.0,0.0,5213442.725957953,5000,,0,0,0,0,0,0,0,0.0,86.02885818481445,max_queries,5000,7200.0,326,13,0,702,0
arcade-game,ff,1,0,11,3,6,2,8,n/a,QuAcq-active,,1755,27,0.8888888888888888,0.34285714285714286,0.4948453608247422,1.0,0.2923076923076923,0.4523809523809524,1.0,0.2923076923076923,0.4523809523809524,0,1.0,6,2,0,0,1.0,0,0,0,27,0,0,0,0,5213442.725957953,0.0,0.0,5213442.725957953,5000,,0,0,0,0,0,0,0,0.0,86.02885818481445,max_queries,5000,7200.0,326,13,0,702,0
arcade-game,ff,2,0,12,4,5,1,6,n/a,QuAcq-active,,1755,27,0.8888888888888888,0.34285714285714286,0.4948453608247422,1.0,0.2923076923076923,0.4523809523809524,1.0,0.2923076923076923,0.4523809523809524,0,1.0,5,1,0,0,1.0,0,0,0,27,0,0,0,0,5213442.725957953,0.0,0.0,5213442.725957953,5000,,0,0,0,0,0,0,0,0.0,86.02885818481445,max_queries,5000,7200.0,326,13,0,702,0
arcade-game,rs_1n,0,0,39,4,20,2,22,n/a,A,,1755,517,0.12959381044487428,0.9571428571428572,0.2282793867120954,0.23411978221415608,0.9923076923076923,0.3788546255506608,0.24202626641651032,0.9923076923076923,0.38914027149321273,0,0.4090909090909091,7,2,0,13,1.0,517,0,0,517,0,0,0,0,90136.0569933313,0.0,0.0,90136.0569933313,0,3127,3127,1,3126,0,0,0,0,0.0,0.0,,,,,,,,
arcade-game,rs_1n,0,0,39,4,20,2,22,reduced,C,,1755,1,1.0,0.014285714285714285,0.028169014084507043,1.0,0.015384615384615385,0.030303030303030307,1.0,0.015384615384615385,0.030303030303030307,0,1.0,20,2,0,0,1.0,517,1,0,1,0,1,261,1,90136.0569933313,533.9625410269946,0.0,90670.01953435829,0,3127,5195,1,3126,2068,0,0,32,64.77774993982166,0.0,,,,,,,,
arcade-game,rs_1n,0,0,39,4,20,2,22,reduced,C∪S,1,1755,180,0.25555555555555554,0.6571428571428571,0.36799999999999994,0.4177777777777778,0.7230769230769231,0.5295774647887324,0.4791666666666667,0.8846153846153846,0.6216216216216216,0,0.45454545454545453,8,2,0,12,1.0,517,1,449,180,0,1,261,1,90136.0569933313,533.9625410269946,122.1958749811165,90792.2154093394,0,3127,5645,1,3126,2068,0,450,32,64.77774993982166,0.0,,,,,,,,
arcade-game,rs_1n,0,0,39,4,20,2,22,reduced,C∪S,2,1755,154,0.2922077922077922,0.6428571428571429,0.40178571428571425,0.4479166666666667,0.6615384615384615,0.5341614906832298,0.5025125628140703,0.7692307692307693,0.60790273556231,0,0.5454545454545454,10,2,0,10,1.0,517,1,268,154,0,1,261,1,90136.0569933313,533.9625410269946,79.82662500580773,90749.8461593641,0,3127,5464,1,3126,2068,0,269,32,64.77774993982166,0.0,,,,,,,,
arcade-game,rs_1n,0,0,39,4,20,2,22,reduced,C∪S,3,1755,98,0.3979591836734694,0.5571428571428572,0.4642857142857143,0.5757575757575758,0.5846153846153846,0.5801526717557253,0.6402877697841727,0.6846153846153846,0.6617100371747212,0,0.8181818181818182,16,2,0,4,1.0,517,1,181,98,0,1,261,1,90136.0569933313,533.9625410269946,51.36083299294114,90721.38036735123,0,3127,5377,1,3126,2068,0,182,32,64.77774993982166,0.0,,,,,,,,
arcade-game,rs_1n,0,0,39,4,20,2,22,reduced,C∪S,5,1755,45,0.7111111111111111,0.45714285714285713,0.5565217391304348,0.8904109589041096,0.5,0.6403940886699507,0.9259259259259259,0.5769230769230769,0.7109004739336493,0,1.0,20,2,0,0,1.0,517,1,76,45,0,1,261,1,90136.0569933313,533.9625410269946,21.962916012853384,90691.98245037114,0,3127,5272,1,3126,2068,0,77,32,64.77774993982166,0.0,,,,,,,,
arcade-game,rs_1n,0,0,39,4,20,2,22,raw,C,,1755,1,1.0,0.014285714285714285,0.028169014084507043,1.0,0.015384615384615385,0.030303030303030307,1.0,0.015384615384615385,0.030303030303030307,0,1.0,20,2,0,0,1.0,517,1,0,1,0,1,261,1,93936.73264200334,539.5116659929045,0.0,94476.24430799624,0,3127,5195,1,3126,2068,0,0,0,0.0,0.0,,,,,,,,
arcade-game,rs_1n,0,0,39,4,20,2,22,raw,C∪S,1,1755,180,0.25555555555555554,0.6571428571428571,0.36799999999999994,0.4177777777777778,0.7230769230769231,0.5295774647887324,0.4791666666666667,0.8846153846153846,0.6216216216216216,0,0.45454545454545453,8,2,0,12,1.0,517,1,449,180,0,1,261,1,93936.73264200334,539.5116659929045,117.01849999371916,94593.26280798996,0,3127,5645,1,3126,2068,0,450,0,0.0,0.0,,,,,,,,
arcade-game,rs_1n,0,0,39,4,20,2,22,raw,C∪S,2,1755,154,0.2922077922077922,0.6428571428571429,0.40178571428571425,0.4479166666666667,0.6615384615384615,0.5341614906832298,0.5025125628140703,0.7692307692307693,0.60790273556231,0,0.5454545454545454,10,2,0,10,1.0,517,1,268,154,0,1,261,1,93936.73264200334,539.5116659929045,78.68575002066791,94554.93005801691,0,3127,5464,1,3126,2068,0,269,0,0.0,0.0,,,,,,,,
arcade-game,rs_1n,0,0,39,4,20,2,22,raw,C∪S,3,1755,98,0.3979591836734694,0.5571428571428572,0.4642857142857143,0.5757575757575758,0.5846153846153846,0.5801526717557253,0.6402877697841727,0.6846153846153846,0.6617100371747212,0,0.8181818181818182,16,2,0,4,1.0,517,1,181,98,0,1,261,1,93936.73264200334,539.5116659929045,52.87995794788003,94529.12426594412,0,3127,5377,1,3126,2068,0,182,0,0.0,0.0,,,,,,,,
arcade-game,rs_1n,0,0,39,4,20,2,22,raw,C∪S,5,1755,45,0.7111111111111111,0.45714285714285713,0.5565217391304348,0.8904109589041096,0.5,0.6403940886699507,0.9259259259259259,0.5769230769230769,0.7109004739336493,0,1.0,20,2,0,0,1.0,517,1,76,45,0,1,261,1,93936.73264200334,539.5116659929045,23.312208999413997,94499.55651699565,0,3127,5272,1,3126,2068,0,77,0,0.0,0.0,,,,,,,,
arcade-game,rs_1n,1,0,39,4,20,2,22,n/a,A,,1755,560,0.11964285714285715,0.9571428571428572,0.21269841269841272,0.21680672268907564,0.9923076923076923,0.3558620689655172,0.22591943957968477,0.9923076923076923,0.3680456490727532,0,0.45454545454545453,8,2,0,12,1.0,560,0,0,560,0,0,0,0,92455.47813712619,0.0,0.0,92455.47813712619,0,3075,3075,1,3074,0,0,0,0,0.0,0.0,,,,,,,,
arcade-game,rs_1n,1,0,39,4,20,2,22,reduced,C,,1755,1,1.0,0.014285714285714285,0.028169014084507043,1.0,0.03076923076923077,0.059701492537313446,1.0,0.03076923076923077,0.059701492537313446,0,0.9545454545454546,20,1,1,0,0.5,560,1,0,1,0,1,340,1,92455.47813712619,592.5741670071147,0.0,93048.0523041333,0,3075,5315,1,3074,2240,0,0,32,65.53174997679889,0.0,,,,,,,,
arcade-game,rs_1n,1,0,39,4,20,2,22,reduced,C∪S,1,1755,188,0.24468085106382978,0.6571428571428571,0.3565891472868217,0.39035087719298245,0.6846153846153846,0.4972067039106145,0.44813278008298757,0.8307692307692308,0.582210242587601,0,0.5454545454545454,10,2,0,10,1.0,560,1,426,188,0,1,340,1,92455.47813712619,592.5741670071147,112.67075000796467,93160.72305414127,0,3075,5742,1,3074,2240,0,427,32,65.53174997679889,0.0,,,,,,,,
arcade-game,rs_1n,1,0,39,4,20,2,22,reduced,C∪S,2,1755,160,0.26875,0.6142857142857143,0.3739130434782608,0.40425531914893614,0.5846153846153846,0.47798742138364786,0.4626865671641791,0.7153846153846154,0.5619335347432025,0,0.6363636363636364,12,2,0,8,1.0,560,1,276,160,0,1,340,1,92455.47813712619,592.5741670071147,81.79287501843646,93129.84517915174,0,3075,5592,1,3074,2240,0,277,32,65.53174997679889,0.0,,,,,,,,
arcade-game,rs_1n,1,0,39,4,20,2,22,reduced,C∪S,3,1755,85,0.4235294117647059,0.5142857142857142,0.464516129032258,0.6106194690265486,0.5307692307692308,0.5679012345679012,0.6774193548387096,0.6461538461538462,0.6614173228346457,0,0.7727272727272727,15,2,0,5,1.0,560,1,151,85,0,1,340,1,92455.47813712619,592.5741670071147,42.59750002529472,93090.6498041586,0,3075,5467,1,3074,2240,0,152,32,65.53174997679889,0.0,,,,,,,,
arcade-game,rs_1n,1,0,39,4,20,2,22,reduced,C∪S,5,1755,49,0.6530612244897959,0.45714285714285713,0.53781512605042,0.8441558441558441,0.5,0.6280193236714976,0.8823529411764706,0.5769230769230769,0.6976744186046512,0,0.9545454545454546,19,2,0,1,1.0,560,1,85,49,0,1,340,1,92455.47813712619,592.5741670071147,24.2828750051558,93072.33517913846,0,3075,5401,1,3074,2240,0,86,32,65.53174997679889,0.0,,,,,,,,
arcade-game,rs_1n,1,0,39,4,20,2,22,raw,C,,1755,1,1.0,0.014285714285714285,0.028169014084507043,1.0,0.03076923076923077,0.059701492537313446,1.0,0.03076923076923077,0.059701492537313446,0,0.9545454545454546,20,1,1,0,0.5,560,1,0,1,0,1,340,1,93900.52089572418,580.7629579794593,0.0,94481.28385370364,0,3075,5315,1,3074,2240,0,0,0,0.0,0.0,,,,,,,,
arcade-game,rs_1n,1,0,39,4,20,2,22,raw,C∪S,1,1755,188,0.24468085106382978,0.6571428571428571,0.3565891472868217,0.39035087719298245,0.6846153846153846,0.4972067039106145,0.44813278008298757,0.8307692307692308,0.582210242587601,0,0.5454545454545454,10,2,0,10,1.0,560,1,426,188,0,1,340,1,93900.52089572418,580.7629579794593,113.8639579876326,94595.14781169128,0,3075,5742,1,3074,2240,0,427,0,0.0,0.0,,,,,,,,
arcade-game,rs_1n,1,0,39,4,20,2,22,raw,C∪S,2,1755,160,0.26875,0.6142857142857143,0.3739130434782608,0.40425531914893614,0.5846153846153846,0.47798742138364786,0.4626865671641791,0.7153846153846154,0.5619335347432025,0,0.6363636363636364,12,2,0,8,1.0,560,1,276,160,0,1,340,1,93900.52089572418,580.7629579794593,81.54783298959956,94562.83168669324,0,3075,5592,1,3074,2240,0,277,0,0.0,0.0,,,,,,,,
arcade-game,rs_1n,1,0,39,4,20,2,22,raw,C∪S,3,1755,85,0.4235294117647059,0.5142857142857142,0.464516129032258,0.6106194690265486,0.5307692307692308,0.5679012345679012,0.6774193548387096,0.6461538461538462,0.6614173228346457,0,0.7727272727272727,15,2,0,5,1.0,560,1,151,85,0,1,340,1,93900.52089572418,580.7629579794593,42.90845803916454,94524.19231174281,0,3075,5467,1,3074,2240,0,152,0,0.0,0.0,,,,,,,,
arcade-game,rs_1n,1,0,39,4,20,2,22,raw,C∪S,5,1755,49,0.6530612244897959,0.45714285714285713,0.53781512605042,0.8441558441558441,0.5,0.6280193236714976,0.8823529411764706,0.5769230769230769,0.6976744186046512,0,0.9545454545454546,19,2,0,1,1.0,560,1,85,49,0,1,340,1,93900.52089572418,580.7629579794593,24.469583004247397,94505.75343670789,0,3075,5401,1,3074,2240,0,86,0,0.0,0.0,,,,,,,,
arcade-game,rs_1n,2,0,40,4,19,2,21,n/a,A,,1755,545,0.12293577981651377,0.9571428571428572,0.21788617886178863,0.22279792746113988,0.9923076923076923,0.3638928067700988,0.23118279569892472,0.9923076923076923,0.375,0,0.38095238095238093,6,2,0,13,1.0,545,0,0,545,0,0,0,0,91158.76860567369,0.0,0.0,91158.76860567369,0,3107,3107,1,3106,0,0,0,0,0.0,0.0,,,,,,,,
arcade-game,rs_1n,2,0,40,4,19,2,21,reduced,C,,1755,1,1.0,0.014285714285714285,0.028169014084507043,1.0,0.015384615384615385,0.030303030303030307,1.0,0.015384615384615385,0.030303030303030307,0,0.9523809523809523,19,1,1,0,0.5,545,1,0,1,0,1,306,1,91158.76860567369,565.4424169915728,0.0,91724.21102266526,0,3107,5287,1,3106,2180,0,0,32,65.98658603616059,0.0,,,,,,,,
arcade-game,rs_1n,2,0,40,4,19,2,21,reduced,C∪S,1,1755,186,0.24731182795698925,0.6571428571428571,0.359375,0.405982905982906,0.7307692307692307,0.521978021978022,0.46153846153846156,0.8769230769230769,0.6047745358090185,0,0.38095238095238093,6,2,0,13,1.0,545,1,477,186,0,1,306,1,91158.76860567369,565.4424169915728,123.69212502380833,91847.90314768907,0,3107,5765,1,3106,2180,0,478,32,65.98658603616059,0.0,,,,,,,,
arcade-game,rs_1n,2,0,40,4,19,2,21,reduced,C∪S,2,1755,166,0.25301204819277107,0.6,0.35593220338983056,0.4029126213592233,0.6384615384615384,0.494047619047619,0.4647887323943662,0.7615384615384615,0.5772594752186588,0,0.42857142857142855,7,2,0,12,1.0,545,1,324,166,0,1,306,1,91158.76860567369,565.4424169915728,92.2992920386605,91816.51031470392,0,3107,5612,1,3106,2180,0,325,32,65.98658603616059,0.0,,,,,,,,
arcade-game,rs_1n,2,0,40,4,19,2,21,reduced,C∪S,3,1755,109,0.3486238532110092,0.5428571428571428,0.4245810055865922,0.5142857142857142,0.5538461538461539,0.5333333333333333,0.5789473684210527,0.676923076923077,0.624113475177305,0,0.5238095238095238,9,2,0,10,1.0,545,1,213,109,0,1,306,1,91158.76860567369,565.4424169915728,59.486874961294234,91783.69789762655,0,3107,5501,1,3106,2180,0,214,32,65.98658603616059,0.0,,,,,,,,
arcade-game,rs_1n,2,0,40,4,19,2,21,reduced,C∪S,5,1755,34,0.8235294117647058,0.4,0.5384615384615384,0.9508196721311475,0.4461538461538462,0.6073298429319371,0.9850746268656716,0.5076923076923077,0.6700507614213197,0,0.9523809523809523,18,2,0,1,1.0,545,1,61,34,0,1,306,1,91158.76860567369,565.4424169915728,17.08333403803408,91741.29435670329,0,3107,5349,1,3106,2180,0,62,32,65.98658603616059,0.0,,,,,,,,
arcade-game,rs_1n,2,0,40,4,19,2,21,raw,C,,1755,1,1.0,0.014285714285714285,0.028169014084507043,1.0,0.015384615384615385,0.030303030303030307,1.0,0.015384615384615385,0.030303030303030307,0,0.9523809523809523,19,1,1,0,0.5,545,1,0,1,0,1,306,1,90115.7116520335,569.8427919996902,0.0,90685.55444403319,0,3107,5287,1,3106,2180,0,0,0,0.0,0.0,,,,,,,,
arcade-game,rs_1n,2,0,40,4,19,2,21,raw,C∪S,1,1755,186,0.24731182795698925,0.6571428571428571,0.359375,0.405982905982906,0.7307692307692307,0.521978021978022,0.46153846153846156,0.8769230769230769,0.6047745358090185,0,0.38095238095238093,6,2,0,13,1.0,545,1,477,186,0,1,306,1,90115.7116520335,569.8427919996902,123.07249999139458,90808.62694402458,0,3107,5765,1,3106,2180,0,478,0,0.0,0.0,,,,,,,,
arcade-game,rs_1n,2,0,40,4,19,2,21,raw,C∪S,2,1755,166,0.25301204819277107,0.6,0.35593220338983056,0.4029126213592233,0.6384615384615384,0.494047619047619,0.4647887323943662,0.7615384615384615,0.5772594752186588,0,0.42857142857142855,7,2,0,12,1.0,545,1,324,166,0,1,306,1,90115.7116520335,569.8427919996902,92.51912496984005,90778.07356900303,0,3107,5612,1,3106,2180,0,325,0,0.0,0.0,,,,,,,,
arcade-game,rs_1n,2,0,40,4,19,2,21,raw,C∪S,3,1755,109,0.3486238532110092,0.5428571428571428,0.4245810055865922,0.5142857142857142,0.5538461538461539,0.5333333333333333,0.5789473684210527,0.676923076923077,0.624113475177305,0,0.5238095238095238,9,2,0,10,1.0,545,1,213,109,0,1,306,1,90115.7116520335,569.8427919996902,61.365166970063,90746.91961100325,0,3107,5501,1,3106,2180,0,214,0,0.0,0.0,,,,,,,,
arcade-game,rs_1n,2,0,40,4,19,2,21,raw,C∪S,5,1755,34,0.8235294117647058,0.4,0.5384615384615384,0.9508196721311475,0.4461538461538462,0.6073298429319371,0.9850746268656716,0.5076923076923077,0.6700507614213197,0,0.9523809523809523,18,2,0,1,1.0,545,1,61,34,0,1,306,1,90115.7116520335,569.8427919996902,17.964707978535444,90703.51915201172,0,3107,5349,1,3106,2180,0,62,0,0.0,0.0,,,,,,,,
arcade-game,rs_1n,0,0,39,4,20,2,22,n/a,QuAcq,,1755,1,1.0,0.014285714285714285,0.028169014084507043,1.0,0.007692307692307693,0.015267175572519085,1.0,0.007692307692307693,0.015267175572519085,0,1.0,20,2,0,0,1.0,0,0,0,1,0,0,0,0,8956.064583035186,0.0,0.0,8956.064583035186,55,,0,0,0,0,0,0,0,0.0,3.3107738494873047,pool_exhausted,,,0,0,0,10,1233
arcade-game,rs_1n,1,0,39,4,20,2,22,n/a,QuAcq,,1755,1,1.0,0.014285714285714285,0.028169014084507043,1.0,0.007692307692307693,0.015267175572519085,1.0,0.007692307692307693,0.015267175572519085,0,0.9545454545454546,20,1,1,0,0.5,0,0,0,1,0,0,0,0,9032.543417066336,0.0,0.0,9032.543417066336,57,,0,0,0,0,0,0,0,0.0,3.5113964080810547,pool_exhausted,,,0,0,0,14,1189
arcade-game,rs_1n,2,0,40,4,19,2,21,n/a,QuAcq,,1755,1,1.0,0.014285714285714285,0.028169014084507043,1.0,0.007692307692307693,0.015267175572519085,1.0,0.007692307692307693,0.015267175572519085,0,0.9523809523809523,19,1,1,0,0.5,0,0,0,1,0,0,0,0,7606.708167004399,0.0,0.0,7606.708167004399,46,,0,0,0,0,0,0,0,0.0,3.061208724975586,pool_exhausted,,,0,0,0,0,1210
arcade-game,rs_1n,0,0,39,4,20,2,22,n/a,QuAcq-active,,1755,27,0.8888888888888888,0.34285714285714286,0.4948453608247422,1.0,0.2923076923076923,0.4523809523809524,1.0,0.2923076923076923,0.4523809523809524,0,1.0,20,2,0,0,1.0,0,0,0,27,0,0,0,0,5213442.725957953,0.0,0.0,5213442.725957953,5000,,0,0,0,0,0,0,0,0.0,86.02885818481445,max_queries,5000,7200.0,326,13,0,702,0
arcade-game,rs_1n,1,0,39,4,20,2,22,n/a,QuAcq-active,,1755,27,0.8888888888888888,0.34285714285714286,0.4948453608247422,1.0,0.2923076923076923,0.4523809523809524,1.0,0.2923076923076923,0.4523809523809524,0,1.0,20,2,0,0,1.0,0,0,0,27,0,0,0,0,5213442.725957953,0.0,0.0,5213442.725957953,5000,,0,0,0,0,0,0,0,0.0,86.02885818481445,max_queries,5000,7200.0,326,13,0,702,0
arcade-game,rs_1n,2,0,40,4,19,2,21,n/a,QuAcq-active,,1755,27,0.8888888888888888,0.34285714285714286,0.4948453608247422,1.0,0.2923076923076923,0.4523809523809524,1.0,0.2923076923076923,0.4523809523809524,0,1.0,19,2,0,0,1.0,0,0,0,27,0,0,0,0,5213442.725957953,0.0,0.0,5213442.725957953,5000,,0,0,0,0,0,0,0,0.0,86.02885818481445,max_queries,5000,7200.0,326,13,0,702,0
arcade-game,rs_2n,0,0,78,8,39,5,44,n/a,A,,1755,400,0.1675,0.9571428571428572,0.28510638297872337,0.296551724137931,0.9923076923076923,0.4566371681415929,0.3115942028985507,0.9923076923076923,0.47426470588235287,0,0.38636363636363635,12,5,0,27,1.0,400,0,0,400,0,0,0,0,236616.86590476893,0.0,0.0,236616.86590476893,0,3218,3218,1,3217,0,0,0,0,0.0,0.0,,,,,,,,
arcade-game,rs_2n,0,0,78,8,39,5,44,reduced,C,,1755,1,0.0,0.0,0.0,0.45454545454545453,0.038461538461538464,0.07092198581560284,0.45454545454545453,0.038461538461538464,0.07092198581560284,0,0.9318181818181818,37,4,1,2,0.8,400,1,0,1,0,1,386,1,236616.86590476893,1110.6345420121215,0.0,237727.50044678105,0,3218,6418,1,3217,3200,0,0,67,169.63950003264472,0.0,,,,,,,,
arcade-game,rs_2n,0,0,78,8,39,5,44,reduced,C∪S,1,1755,236,0.21610169491525424,0.7285714285714285,0.33333333333333337,0.3771043771043771,0.8615384615384616,0.5245901639344263,0.4174757281553398,0.9923076923076923,0.5876993166287016,0,0.38636363636363635,12,5,0,27,1.0,400,1,399,236,0,1,386,1,236616.86590476893,1110.6345420121215,148.25299999210984,237875.75344677316,0,3218,6818,1,3217,3200,0,400,67,169.63950003264472,0.0,,,,,,,,
arcade-game,rs_2n,0,0,78,8,39,5,44,reduced,C∪S,2,1755,232,0.21982758620689655,0.7285714285714285,0.33774834437086093,0.3822525597269625,0.8615384615384616,0.529550827423168,0.42105263157894735,0.9846153846153847,0.5898617511520737,0,0.4318181818181818,14,5,0,25,1.0,400,1,365,232,0,1,386,1,236616.86590476893,1110.6345420121215,146.62133302772418,237874.12177980877,0,3218,6784,1,3217,3200,0,366,67,169.63950003264472,0.0,,,,,,,,
arcade-game,rs_2n,0,0,78,8,39,5,44,reduced,C∪S,3,1755,191,0.2513089005235602,0.6857142857142857,0.367816091954023,0.401673640167364,0.7384615384615385,0.5203252032520326,0.4475806451612903,0.8538461538461538,0.5873015873015873,0,0.4772727272727273,16,5,0,23,1.0,400,1,286,191,0,1,386,1,236616.86590476893,1110.6345420121215,116.35208397638053,237843.85253075743,0,3218,6705,1,3217,3200,0,287,67,169.63950003264472,0.0,,,,,,,,
arcade-game,rs_2n,0,0,78,8,39,5,44,reduced,C∪S,5,1755,94,0.43617021276595747,0.5857142857142857,0.5,0.6074074074074074,0.6307692307692307,0.6188679245283019,0.6619718309859155,0.7230769230769231,0.6911764705882353,0,0.6818181818181818,25,5,0,14,1.0,400,1,147,94,0,1,386,1,236616.86590476893,1110.6345420121215,56.36691697873175,237783.86736375978,0,3218,6566,1,3217,3200,0,148,67,169.63950003264472,0.0,,,,,,,,
arcade-game,rs_2n,0,0,78,8,39,5,44,raw,C,,1755,1,0.0,0.0,0.0,0.45454545454545453,0.038461538461538464,0.07092198581560284,0.45454545454545453,0.038461538461538464,0.07092198581560284,0,0.9318181818181818,37,4,1,2,0.8,400,1,0,1,0,1,386,1,229249.2066504783,1079.8915410414338,0.0,230329.09819151973,0,3218,6418,1,3217,3200,0,0,0,0.0,0.0,,,,,,,,
arcade-game,rs_2n,0,0,78,8,39,5,44,raw,C∪S,1,1755,236,0.21610169491525424,0.7285714285714285,0.33333333333333337,0.3771043771043771,0.8615384615384616,0.5245901639344263,0.4174757281553398,0.9923076923076923,0.5876993166287016,0,0.38636363636363635,12,5,0,27,1.0,400,1,399,236,0,1,386,1,229249.2066504783,1079.8915410414338,148.54449999984354,230477.64269151958,0,3218,6818,1,3217,3200,0,400,0,0.0,0.0,,,,,,,,
arcade-game,rs_2n,0,0,78,8,39,5,44,raw,C∪S,2,1755,232,0.21982758620689655,0.7285714285714285,0.33774834437086093,0.3822525597269625,0.8615384615384616,0.529550827423168,0.42105263157894735,0.9846153846153847,0.5898617511520737,0,0.4318181818181818,14,5,0,25,1.0,400,1,365,232,0,1,386,1,229249.2066504783,1079.8915410414338,142.84279197454453,230471.94098349428,0,3218,6784,1,3217,3200,0,366,0,0.0,0.0,,,,,,,,
arcade-game,rs_2n,0,0,78,8,39,5,44,raw,C∪S,3,1755,191,0.2513089005235602,0.6857142857142857,0.367816091954023,0.401673640167364,0.7384615384615385,0.5203252032520326,0.4475806451612903,0.8538461538461538,0.5873015873015873,0,0.4772727272727273,16,5,0,23,1.0,400,1,286,191,0,1,386,1,229249.2066504783,1079.8915410414338,113.54054202092811,230442.63873354066,0,3218,6705,1,3217,3200,0,287,0,0.0,0.0,,,,,,,,
arcade-game,rs_2n,0,0,78,8,39,5,44,raw,C∪S,5,1755,94,0.43617021276595747,0.5857142857142857,0.5,0.6074074074074074,0.6307692307692307,0.6188679245283019,0.6619718309859155,0.7230769230769231,0.6911764705882353,0,0.6818181818181818,25,5,0,14,1.0,400,1,147,94,0,1,386,1,229249.2066504783,1079.8915410414338,56.12512497464195,230385.22331649438,0,3218,6566,1,3217,3200,0,148,0,0.0,0.0,,,,,,,,
arcade-game,rs_2n,1,0,78,9,39,4,43,n/a,A,,1755,366,0.1830601092896175,0.9571428571428572,0.3073394495412844,0.3208955223880597,0.9923076923076923,0.4849624060150376,0.344,0.9923076923076923,0.5108910891089109,0,0.6511627906976745,24,4,0,15,1.0,366,0,0,366,0,0,0,0,248269.65191226918,0.0,0.0,248269.65191226918,0,3246,3246,1,3245,0,0,0,0,0.0,0.0,,,,,,,,
arcade-game,rs_2n,1,0,78,9,39,4,43,reduced,C,,1755,2,1.0,0.02857142857142857,0.05555555555555556,1.0,0.03076923076923077,0.059701492537313446,1.0,0.03076923076923077,0.059701492537313446,0,1.0,39,4,0,0,1.0,366,2,0,2,0,1,361,1,248269.65191226918,1163.7887500110082,0.0,249433.4406622802,0,3246,6540,1,3245,3294,0,0,79,197.40233215270564,0.0,,,,,,,,
arcade-game,rs_2n,1,0,78,9,39,4,43,reduced,C∪S,1,1755,244,0.21721311475409835,0.7571428571428571,0.3375796178343949,0.37583892617449666,0.8615384615384616,0.5233644859813085,0.4161290322580645,0.9923076923076923,0.5863636363636364,0,0.6511627906976745,24,4,0,15,1.0,366,2,364,244,0,1,361,1,248269.65191226918,1163.7887500110082,144.10191698698327,249577.54257926717,0,3246,6906,1,3245,3294,0,366,79,197.40233215270564,0.0,,,,,,,,
arcade-game,rs_2n,1,0,78,9,39,4,43,reduced,C∪S,2,1755,238,0.2184873949579832,0.7428571428571429,0.33766233766233766,0.3758620689655172,0.8384615384615385,0.5190476190476191,0.4166666666666667,0.9615384615384616,0.5813953488372093,0,0.6976744186046512,26,4,0,13,1.0,366,2,329,238,0,1,361,1,248269.65191226918,1163.7887500110082,138.74424999812618,249572.18491227832,0,3246,6871,1,3245,3294,0,331,79,197.40233215270564,0.0,,,,,,,,
arcade-game,rs_2n,1,0,78,9,39,4,43,reduced,C∪S,3,1755,228,0.2236842105263158,0.7285714285714285,0.3422818791946309,0.35580524344569286,0.7307692307692307,0.47858942065491183,0.4,0.8461538461538461,0.5432098765432098,0,0.7209302325581395,27,4,0,12,1.0,366,2,301,228,0,1,361,1,248269.65191226918,1163.7887500110082,129.1529579902999,249562.5936202705,0,3246,6843,1,3245,3294,0,303,79,197.40233215270564,0.0,,,,,,,,
arcade-game,rs_2n,1,0,78,9,39,4,43,reduced,C∪S,5,1755,163,0.2883435582822086,0.6714285714285714,0.4034334763948498,0.4393939393939394,0.6692307692307692,0.5304878048780488,0.4926829268292683,0.7769230769230769,0.6029850746268657,0,0.7906976744186046,30,4,0,9,1.0,366,2,221,163,0,1,361,1,248269.65191226918,1163.7887500110082,93.34666701033711,249526.78732929053,0,3246,6763,1,3245,3294,0,223,79,197.40233215270564,0.0,,,,,,,,
arcade-game,rs_2n,1,0,78,9,39,4,43,raw,C,,1755,2,1.0,0.02857142857142857,0.05555555555555556,1.0,0.03076923076923077,0.059701492537313446,1.0,0.03076923076923077,0.059701492537313446,0,1.0,39,4,0,0,1.0,366,2,0,2,0,1,361,1,247904.64289474767,1164.2702500103042,0.0,249068.91314475797,0,3246,6540,1,3245,3294,0,0,0,0.0,0.0,,,,,,,,
arcade-game,rs_2n,1,0,78,9,39,4,43,raw,C∪S,1,1755,244,0.21721311475409835,0.7571428571428571,0.3375796178343949,0.37583892617449666,0.8615384615384616,0.5233644859813085,0.4161290322580645,0.9923076923076923,0.5863636363636364,0,0.6511627906976745,24,4,0,15,1.0,366,2,364,244,0,1,361,1,247904.64289474767,1164.2702500103042,144.54366697464138,249213.4568117326,0,3246,6906,1,3245,3294,0,366,0,0.0,0.0,,,,,,,,
arcade-game,rs_2n,1,0,78,9,39,4,43,raw,C∪S,2,1755,238,0.2184873949579832,0.7428571428571429,0.33766233766233766,0.3758620689655172,0.8384615384615385,0.5190476190476191,0.4166666666666667,0.9615384615384616,0.5813953488372093,0,0.6976744186046512,26,4,0,13,1.0,366,2,329,238,0,1,361,1,247904.64289474767,1164.2702500103042,136.4693749928847,249205.38251975086,0,3246,6871,1,3245,3294,0,331,0,0.0,0.0,,,,,,,,
arcade-game,rs_2n,1,0,78,9,39,4,43,raw,C∪S,3,1755,228,0.2236842105263158,0.7285714285714285,0.3422818791946309,0.35580524344569286,0.7307692307692307,0.47858942065491183,0.4,0.8461538461538461,0.5432098765432098,0,0.7209302325581395,27,4,0,12,1.0,366,2,301,228,0,1,361,1,247904.64289474767,1164.2702500103042,126.1365829850547,249195.04972774303,0,3246,6843,1,3245,3294,0,303,0,0.0,0.0,,,,,,,,
arcade-game,rs_2n,1,0,78,9,39,4,43,raw,C∪S,5,1755,163,0.2883435582822086,0.6714285714285714,0.4034334763948498,0.4393939393939394,0.6692307692307692,0.5304878048780488,0.4926829268292683,0.7769230769230769,0.6029850746268657,0,0.7906976744186046,30,4,0,9,1.0,366,2,221,163,0,1,361,1,247904.64289474767,1164.2702500103042,92.35733299283311,249161.2704777508,0,3246,6763,1,3245,3294,0,223,0,0.0,0.0,,,,,,,,
arcade-game,rs_2n,2,0,78,9,39,4,43,n/a,A,,1755,348,0.1925287356321839,0.9571428571428572,0.3205741626794258,0.3359375,0.9923076923076923,0.5019455252918288,0.36134453781512604,0.9923076923076923,0.5297741273100616,0,0.4883720930232558,17,4,0,22,1.0,348,0,0,348,0,0,0,0,246604.12105481373,0.0,0.0,246604.12105481373,0,3262,3262,1,3261,0,0,0,0,0.0,0.0,,,,,,,,
arcade-game,rs_2n,2,0,78,9,39,4,43,reduced,C,,1755,2,1.0,0.02857142857142857,0.05555555555555556,1.0,0.023076923076923078,0.04511278195488722,1.0,0.023076923076923078,0.04511278195488722,0,0.9767441860465116,39,3,1,0,0.75,348,2,0,2,0,1,337,1,246604.12105481373,1096.0524160182104,0.0,247700.17347083194,0,3262,6394,1,3261,3132,0,0,76,192.09241803037003,0.0,,,,,,,,
arcade-game,rs_2n,2,0,78,9,39,4,43,reduced,C∪S,1,1755,263,0.19771863117870722,0.7428571428571429,0.3123123123123123,0.3522012578616352,0.8615384615384616,0.5,0.39209726443769,0.9923076923076923,0.5620915032679739,0,0.4883720930232558,17,4,0,22,1.0,348,2,346,263,0,1,337,1,246604.12105481373,1096.0524160182104,137.72250001784414,247837.8959708498,0,3262,6742,1,3261,3132,0,348,76,192.09241803037003,0.0,,,,,,,,
arcade-game,rs_2n,2,0,78,9,39,4,43,reduced,C∪S,2,1755,263,0.19771863117870722,0.7428571428571429,0.3123123123123123,0.3522012578616352,0.8615384615384616,0.5,0.39209726443769,0.9923076923076923,0.5620915032679739,0,0.4883720930232558,17,4,0,22,1.0,348,2,346,263,0,1,337,1,246604.12105481373,1096.0524160182104,142.26983400294557,247842.4433048349,0,3262,6742,1,3261,3132,0,348,76,192.09241803037003,0.0,,,,,,,,
arcade-game,rs_2n,2,0,78,9,39,4,43,reduced,C∪S,3,1755,231,0.21212121212121213,0.7,0.3255813953488372,0.36330935251798563,0.7769230769230769,0.49509803921568624,0.4090909090909091,0.9,0.5625000000000001,0,0.5813953488372093,21,4,0,18,1.0,348,2,299,231,0,1,337,1,246604.12105481373,1096.0524160182104,124.43874997552484,247824.61222080747,0,3262,6695,1,3261,3132,0,301,76,192.09241803037003,0.0,,,,,,,,
arcade-game,rs_2n,2,0,78,9,39,4,43,reduced,C∪S,5,1755,126,0.35714285714285715,0.6428571428571429,0.4591836734693878,0.5159235668789809,0.6230769230769231,0.5644599303135888,0.573170731707317,0.7230769230769231,0.6394557823129251,0,0.7906976744186046,30,4,0,9,1.0,348,2,175,126,0,1,337,1,246604.12105481373,1096.0524160182104,70.86483301827684,247771.03830385022,0,3262,6571,1,3261,3132,0,177,76,192.09241803037003,0.0,,,,,,,,
arcade-game,rs_2n,2,0,78,9,39,4,43,raw,C,,1755,2,1.0,0.02857142857142857,0.05555555555555556,1.0,0.023076923076923078,0.04511278195488722,1.0,0.023076923076923078,0.04511278195488722,0,0.9767441860465116,39,3,1,0,0.75,348,2,0,2,0,1,337,1,244573.69131053565,1093.5687079909258,0.0,245667.26001852658,0,3262,6394,1,3261,3132,0,0,0,0.0,0.0,,,,,,,,
arcade-game,rs_2n,2,0,78,9,39,4,43,raw,C∪S,1,1755,263,0.19771863117870722,0.7428571428571429,0.3123123123123123,0.3522012578616352,0.8615384615384616,0.5,0.39209726443769,0.9923076923076923,0.5620915032679739,0,0.4883720930232558,17,4,0,22,1.0,348,2,346,263,0,1,337,1,244573.69131053565,1093.5687079909258,137.0566250407137,245804.3166435673,0,3262,6742,1,3261,3132,0,348,0,0.0,0.0,,,,,,,,
arcade-game,rs_2n,2,0,78,9,39,4,43,raw,C∪S,2,1755,263,0.19771863117870722,0.7428571428571429,0.3123123123123123,0.3522012578616352,0.8615384615384616,0.5,0.39209726443769,0.9923076923076923,0.5620915032679739,0,0.4883720930232558,17,4,0,22,1.0,348,2,346,263,0,1,337,1,244573.69131053565,1093.5687079909258,141.40162500552833,245808.6616435321,0,3262,6742,1,3261,3132,0,348,0,0.0,0.0,,,,,,,,
arcade-game,rs_2n,2,0,78,9,39,4,43,raw,C∪S,3,1755,231,0.21212121212121213,0.7,0.3255813953488372,0.36330935251798563,0.7769230769230769,0.49509803921568624,0.4090909090909091,0.9,0.5625000000000001,0,0.5813953488372093,21,4,0,18,1.0,348,2,299,231,0,1,337,1,244573.69131053565,1093.5687079909258,124.34258300345391,245791.60260153003,0,3262,6695,1,3261,3132,0,301,0,0.0,0.0,,,,,,,,
arcade-game,rs_2n,2,0,78,9,39,4,43,raw,C∪S,5,1755,126,0.35714285714285715,0.6428571428571429,0.4591836734693878,0.5159235668789809,0.6230769230769231,0.5644599303135888,0.573170731707317,0.7230769230769231,0.6394557823129251,0,0.7906976744186046,30,4,0,9,1.0,348,2,175,126,0,1,337,1,244573.69131053565,1093.5687079909258,70.45870902948081,245737.71872755606,0,3262,6571,1,3261,3132,0,177,0,0.0,0.0,,,,,,,,
arcade-game,rs_2n,0,0,78,8,39,5,44,n/a,QuAcq,,1755,1,1.0,0.014285714285714285,0.028169014084507043,1.0,0.007692307692307693,0.015267175572519085,1.0,0.007692307692307693,0.015267175572519085,0,0.9318181818181818,39,2,3,0,0.4,0,0,0,1,0,0,0,0,12614.69425004907,0.0,0.0,12614.69425004907,73,,0,0,0,0,0,0,0,0.0,3.991353988647461,pool_exhausted,,,0,0,0,2,1354
arcade-game,rs_2n,1,0,78,9,39,4,43,n/a,QuAcq,,1755,1,1.0,0.014285714285714285,0.028169014084507043,1.0,0.007692307692307693,0.015267175572519085,1.0,0.007692307692307693,0.015267175572519085,0,0.9534883720930233,39,2,2,0,0.5,0,0,0,1,0,0,0,0,13280.478667002171,0.0,0.0,13280.478667002171,91,,0,0,0,0,0,0,0,0.0,3.996519088745117,pool_exhausted,,,0,0,0,14,1385
arcade-game,rs_2n,2,0,78,9,39,4,43,n/a,QuAcq,,1755,2,1.0,0.02857142857142857,0.05555555555555556,1.0,0.015384615384615385,0.030303030303030307,1.0,0.015384615384615385,0.030303030303030307,0,1.0,39,4,0,0,1.0,0,0,0,2,0,0,0,0,11889.201915939339,0.0,0.0,11889.201915939339,111,,0,0,0,0,0,0,0,0.0,3.7644786834716797,pool_exhausted,,,0,0,0,13,1402
arcade-game,rs_2n,0,0,78,8,39,5,44,n/a,QuAcq-active,,1755,27,0.8888888888888888,0.34285714285714286,0.4948453608247422,1.0,0.2923076923076923,0.4523809523809524,1.0,0.2923076923076923,0.4523809523809524,0,1.0,39,5,0,0,1.0,0,0,0,27,0,0,0,0,5213442.725957953,0.0,0.0,5213442.725957953,5000,,0,0,0,0,0,0,0,0.0,86.02885818481445,max_queries,5000,7200.0,326,13,0,702,0
arcade-game,rs_2n,1,0,78,9,39,4,43,n/a,QuAcq-active,,1755,27,0.8888888888888888,0.34285714285714286,0.4948453608247422,1.0,0.2923076923076923,0.4523809523809524,1.0,0.2923076923076923,0.4523809523809524,0,1.0,39,4,0,0,1.0,0,0,0,27,0,0,0,0,5213442.725957953,0.0,0.0,5213442.725957953,5000,,0,0,0,0,0,0,0,0.0,86.02885818481445,max_queries,5000,7200.0,326,13,0,702,0
arcade-game,rs_2n,2,0,78,9,39,4,43,n/a,QuAcq-active,,1755,27,0.8888888888888888,0.34285714285714286,0.4948453608247422,1.0,0.2923076923076923,0.4523809523809524,1.0,0.2923076923076923,0.4523809523809524,0,1.0,39,4,0,0,1.0,0,0,0,27,0,0,0,0,5213442.725957953,0.0,0.0,5213442.725957953,5000,,0,0,0,0,0,0,0,0.0,86.02885818481445,max_queries,5000,7200.0,326,13,0,702,0
arcade-game,rs_3n,0,0,117,12,59,7,66,n/a,A,,1755,321,0.2087227414330218,0.9571428571428572,0.3427109974424552,0.36235955056179775,0.9923076923076923,0.5308641975308641,0.3885542168674699,0.9923076923076923,0.5584415584415585,0,0.48484848484848486,25,7,0,34,1.0,321,0,0,321,0,0,0,0,484925.56860647164,0.0,0.0,484925.56860647164,0,3272,3272,1,3271,0,0,0,0,0.0,0.0,,,,,,,,
arcade-game,rs_3n,0,0,117,12,59,7,66,reduced,C,,1755,2,0.5,0.014285714285714285,0.02777777777777778,0.7272727272727273,0.06153846153846154,0.11347517730496455,0.7272727272727273,0.06153846153846154,0.11347517730496455,0,0.9545454545454546,57,6,1,2,0.8571428571428571,321,2,0,2,0,1,318,1,484925.56860647164,1835.3825420490466,0.0,486760.9511485207,0,3272,7124,1,3271,3852,0,0,101,342.6547519629821,0.0,,,,,,,,
arcade-game,rs_3n,0,0,117,12,59,7,66,reduced,C∪S,1,1755,230,0.2217391304347826,0.7285714285714285,0.33999999999999997,0.3888888888888889,0.8615384615384616,0.5358851674641149,0.431438127090301,0.9923076923076923,0.6013986013986015,0,0.48484848484848486,25,7,0,34,1.0,321,2,319,230,0,1,318,1,484925.56860647164,1835.3825420490466,182.1606250014156,486943.1117735221,0,3272,7445,1,3271,3852,0,321,101,342.6547519629821,0.0,,,,,,,,
arcade-game,rs_3n,0,0,117,12,59,7,66,reduced,C∪S,2,1755,230,0.2217391304347826,0.7285714285714285,0.33999999999999997,0.3888888888888889,0.8615384615384616,0.5358851674641149,0.431438127090301,0.9923076923076923,0.6013986013986015,0,0.48484848484848486,25,7,0,34,1.0,321,2,319,230,0,1,318,1,484925.56860647164,1835.3825420490466,178.88154200045392,486939.83269052114,0,3272,7445,1,3271,3852,0,321,101,342.6547519629821,0.0,,,,,,,,
arcade-game,rs_3n,0,0,117,12,59,7,66,reduced,C∪S,3,1755,230,0.2217391304347826,0.7285714285714285,0.33999999999999997,0.3888888888888889,0.8615384615384616,0.5358851674641149,0.431438127090301,0.9923076923076923,0.6013986013986015,0,0.48484848484848486,25,7,0,34,1.0,321,2,319,230,0,1,318,1,484925.56860647164,1835.3825420490466,199.26445902092382,486960.2156075416,0,3272,7445,1,3271,3852,0,321,101,342.6547519629821,0.0,,,,,,,,
arcade-game,rs_3n,0,0,117,12,59,7,66,reduced,C∪S,5,1755,230,0.2217391304347826,0.7285714285714285,0.33999999999999997,0.3888888888888889,0.8615384615384616,0.5358851674641149,0.431438127090301,0.9923076923076923,0.6013986013986015,0,0.48484848484848486,25,7,0,34,1.0,321,2,319,230,0,1,318,1,484925.56860647164,1835.3825420490466,180.29400001978502,486941.2451485405,0,3272,7445,1,3271,3852,0,321,101,342.6547519629821,0.0,,,,,,,,
arcade-game,rs_3n,0,0,117,12,59,7,66,raw,C,,1755,2,0.5,0.014285714285714285,0.02777777777777778,0.7272727272727273,0.06153846153846154,0.11347517730496455,0.7272727272727273,0.06153846153846154,0.11347517730496455,0,0.9545454545454546,57,6,1,2,0.8571428571428571,321,2,0,2,0,1,318,1,454454.3359896634,1759.1572090168484,0.0,456213.4931986802,0,3272,7124,1,3271,3852,0,0,0,0.0,0.0,,,,,,,,
arcade-game,rs_3n,0,0,117,12,59,7,66,raw,C∪S,1,1755,230,0.2217391304347826,0.7285714285714285,0.33999999999999997,0.3888888888888889,0.8615384615384616,0.5358851674641149,0.431438127090301,0.9923076923076923,0.6013986013986015,0,0.48484848484848486,25,7,0,34,1.0,321,2,319,230,0,1,318,1,454454.3359896634,1759.1572090168484,171.78745899582282,456385.28065767605,0,3272,7445,1,3271,3852,0,321,0,0.0,0.0,,,,,,,,
arcade-game,rs_3n,0,0,117,12,59,7,66,raw,C∪S,2,1755,230,0.2217391304347826,0.7285714285714285,0.33999999999999997,0.3888888888888889,0.8615384615384616,0.5358851674641149,0.431438127090301,0.9923076923076923,0.6013986013986015,0,0.48484848484848486,25,7,0,34,1.0,321,2,319,230,0,1,318,1,454454.3359896634,1759.1572090168484,168.3236249955371,456381.81682367576,0,3272,7445,1,3271,3852,0,321,0,0.0,0.0,,,,,,,,
arcade-game,rs_3n,0,0,117,12,59,7,66,raw,C∪S,3,1755,230,0.2217391304347826,0.7285714285714285,0.33999999999999997,0.3888888888888889,0.8615384615384616,0.5358851674641149,0.431438127090301,0.9923076923076923,0.6013986013986015,0,0.48484848484848486,25,7,0,34,1.0,321,2,319,230,0,1,318,1,454454.3359896634,1759.1572090168484,168.2830830104649,456381.7762816907,0,3272,7445,1,3271,3852,0,321,0,0.0,0.0,,,,,,,,
arcade-game,rs_3n,0,0,117,12,59,7,66,raw,C∪S,5,1755,230,0.2217391304347826,0.7285714285714285,0.33999999999999997,0.3888888888888889,0.8615384615384616,0.5358851674641149,0.431438127090301,0.9923076923076923,0.6013986013986015,0,0.48484848484848486,25,7,0,34,1.0,321,2,319,230,0,1,318,1,454454.3359896634,1759.1572090168484,171.04300000937656,456384.5361986896,0,3272,7445,1,3271,3852,0,321,0,0.0,0.0,,,,,,,,
arcade-game,rs_3n,1,0,117,13,59,6,65,n/a,A,,1755,313,0.21405750798722045,0.9571428571428572,0.34986945169712796,0.3706896551724138,0.9923076923076923,0.5397489539748955,0.39814814814814814,0.9923076923076923,0.5682819383259912,0,0.6153846153846154,34,6,0,25,1.0,313,0,0,313,0,0,0,0,480043.02034626016,0.0,0.0,480043.02034626016,0,3278,3278,1,3277,0,0,0,0,0.0,0.0,,,,,,,,
arcade-game,rs_3n,1,0,117,13,59,6,65,reduced,C,,1755,2,1.0,0.02857142857142857,0.05555555555555556,1.0,0.023076923076923078,0.04511278195488722,1.0,0.023076923076923078,0.04511278195488722,0,0.9538461538461539,59,3,3,0,0.5,313,2,0,2,0,1,306,1,480043.02034626016,1919.3622500170022,0.0,481962.38259627717,0,3278,7347,1,3277,4069,0,0,113,334.51229106867686,0.0,,,,,,,,
arcade-game,rs_3n,1,0,117,13,59,6,65,reduced,C∪S,1,1755,227,0.2290748898678414,0.7428571428571429,0.3501683501683502,0.39649122807017545,0.8692307692307693,0.5445783132530121,0.43434343434343436,0.9923076923076923,0.6042154566744732,0,0.6153846153846154,34,6,0,25,1.0,313,2,311,227,0,1,306,1,480043.02034626016,1919.3622500170022,165.05400004098192,482127.43659631815,0,3278,7660,1,3277,4069,0,313,113,334.51229106867686,0.0,,,,,,,,
arcade-game,rs_3n,1,0,117,13,59,6,65,reduced,C∪S,2,1755,227,0.2290748898678414,0.7428571428571429,0.3501683501683502,0.39649122807017545,0.8692307692307693,0.5445783132530121,0.43434343434343436,0.9923076923076923,0.6042154566744732,0,0.6153846153846154,34,6,0,25,1.0,313,2,311,227,0,1,306,1,480043.02034626016,1919.3622500170022,169.26383401732892,482131.6464302945,0,3278,7660,1,3277,4069,0,313,113,334.51229106867686,0.0,,,,,,,,
arcade-game,rs_3n,1,0,117,13,59,6,65,reduced,C∪S,3,1755,227,0.2290748898678414,0.7428571428571429,0.3501683501683502,0.39649122807017545,0.8692307692307693,0.5445783132530121,0.43434343434343436,0.9923076923076923,0.6042154566744732,0,0.6153846153846154,34,6,0,25,1.0,313,2,311,227,0,1,306,1,480043.02034626016,1919.3622500170022,169.14600000018254,482131.52859627735,0,3278,7660,1,3277,4069,0,313,113,334.51229106867686,0.0,,,,,,,,
arcade-game,rs_3n,1,0,117,13,59,6,65,reduced,C∪S,5,1755,227,0.2290748898678414,0.7428571428571429,0.3501683501683502,0.39649122807017545,0.8692307692307693,0.5445783132530121,0.43434343434343436,0.9923076923076923,0.6042154566744732,0,0.6153846153846154,34,6,0,25,1.0,313,2,311,227,0,1,306,1,480043.02034626016,1919.3622500170022,169.22879201592878,482131.6113882931,0,3278,7660,1,3277,4069,0,313,113,334.51229106867686,0.0,,,,,,,,
arcade-game,rs_3n,1,0,117,13,59,6,65,raw,C,,1755,2,1.0,0.02857142857142857,0.05555555555555556,1.0,0.023076923076923078,0.04511278195488722,1.0,0.023076923076923078,0.04511278195488722,0,0.9538461538461539,59,3,3,0,0.5,313,2,0,2,0,1,306,1,463789.34226348065,1899.909999978263,0.0,465689.2522634589,0,3278,7347,1,3277,4069,0,0,0,0.0,0.0,,,,,,,,
arcade-game,rs_3n,1,0,117,13,59,6,65,raw,C∪S,1,1755,227,0.2290748898678414,0.7428571428571429,0.3501683501683502,0.39649122807017545,0.8692307692307693,0.5445783132530121,0.43434343434343436,0.9923076923076923,0.6042154566744732,0,0.6153846153846154,34,6,0,25,1.0,313,2,311,227,0,1,306,1,463789.34226348065,1899.909999978263,163.04924996802583,465852.30151342694,0,3278,7660,1,3277,4069,0,313,0,0.0,0.0,,,,,,,,
arcade-game,rs_3n,1,0,117,13,59,6,65,raw,C∪S,2,1755,227,0.2290748898678414,0.7428571428571429,0.3501683501683502,0.39649122807017545,0.8692307692307693,0.5445783132530121,0.43434343434343436,0.9923076923076923,0.6042154566744732,0,0.6153846153846154,34,6,0,25,1.0,313,2,311,227,0,1,306,1,463789.34226348065,1899.909999978263,169.1906669875607,465858.4429304465,0,3278,7660,1,3277,4069,0,313,0,0.0,0.0,,,,,,,,
arcade-game,rs_3n,1,0,117,13,59,6,65,raw,C∪S,3,1755,227,0.2290748898678414,0.7428571428571429,0.3501683501683502,0.39649122807017545,0.8692307692307693,0.5445783132530121,0.43434343434343436,0.9923076923076923,0.6042154566744732,0,0.6153846153846154,34,6,0,25,1.0,313,2,311,227,0,1,306,1,463789.34226348065,1899.909999978263,177.104500005953,465866.35676346486,0,3278,7660,1,3277,4069,0,313,0,0.0,0.0,,,,,,,,
arcade-game,rs_3n,1,0,117,13,59,6,65,raw,C∪S,5,1755,227,0.2290748898678414,0.7428571428571429,0.3501683501683502,0.39649122807017545,0.8692307692307693,0.5445783132530121,0.43434343434343436,0.9923076923076923,0.6042154566744732,0,0.6153846153846154,34,6,0,25,1.0,313,2,311,227,0,1,306,1,463789.34226348065,1899.909999978263,175.70024996530265,465864.9525134242,0,3278,7660,1,3277,4069,0,313,0,0.0,0.0,,,,,,,,
arcade-game,rs_3n,2,0,118,13,58,6,64,n/a,A,,1755,307,0.2182410423452769,0.9571428571428572,0.3554376657824934,0.3760932944606414,0.9923076923076923,0.5454545454545454,0.40822784810126583,0.9923076923076923,0.57847533632287,0,0.5625,30,6,0,28,1.0,307,0,0,307,0,0,0,0,482602.46850689873,0.0,0.0,482602.46850689873,0,3284,3284,1,3283,0,0,0,0,0.0,0.0,,,,,,,,
arcade-game,rs_3n,2,0,118,13,58,6,64,reduced,C,,1755,2,1.0,0.02857142857142857,0.05555555555555556,1.0,0.05384615384615385,0.10218978102189781,1.0,0.05384615384615385,0.10218978102189781,0,0.984375,58,5,1,0,0.8333333333333334,307,2,0,2,0,1,300,1,482602.46850689873,1909.9795839865692,0.0,484512.4480908853,0,3284,7275,1,3283,3991,0,0,114,338.98741501616314,0.0,,,,,,,,
arcade-game,rs_3n,2,0,118,13,58,6,64,reduced,C∪S,1,1755,230,0.22608695652173913,0.7428571428571429,0.3466666666666667,0.3929824561403509,0.8615384615384616,0.5397590361445784,0.4402730375426621,0.9923076923076923,0.6099290780141844,0,0.5625,30,6,0,28,1.0,307,2,305,230,0,1,300,1,482602.46850689873,1909.9795839865692,168.50583296036348,484680.95392384566,0,3284,7582,1,3283,3991,0,307,114,338.98741501616314,0.0,,,,,,,,
arcade-game,rs_3n,2,0,118,13,58,6,64,reduced,C∪S,2,1755,230,0.22608695652173913,0.7428571428571429,0.3466666666666667,0.3929824561403509,0.8615384615384616,0.5397590361445784,0.4402730375426621,0.9923076923076923,0.6099290780141844,0,0.5625,30,6,0,28,1.0,307,2,305,230,0,1,300,1,482602.46850689873,1909.9795839865692,169.3760000052862,484681.8240908906,0,3284,7582,1,3283,3991,0,307,114,338.98741501616314,0.0,,,,,,,,
arcade-game,rs_3n,2,0,118,13,58,6,64,reduced,C∪S,3,1755,230,0.22608695652173913,0.7428571428571429,0.3466666666666667,0.3929824561403509,0.8615384615384616,0.5397590361445784,0.4402730375426621,0.9923076923076923,0.6099290780141844,0,0.5625,30,6,0,28,1.0,307,2,305,230,0,1,300,1,482602.46850689873,1909.9795839865692,169.0191249945201,484681.4672158798,0,3284,7582,1,3283,3991,0,307,114,338.98741501616314,0.0,,,,,,,,
arcade-game,rs_3n,2,0,118,13,58,6,64,reduced,C∪S,5,1755,208,0.25,0.7428571428571429,0.37410071942446044,0.41923076923076924,0.8384615384615385,0.5589743589743591,0.4664179104477612,0.9615384615384616,0.628140703517588,0,0.578125,31,6,0,27,1.0,307,2,277,208,0,1,300,1,482602.46850689873,1909.9795839865692,153.96025002701208,484666.4083409123,0,3284,7554,1,3283,3991,0,279,114,338.98741501616314,0.0,,,,,,,,
arcade-game,rs_3n,2,0,118,13,58,6,64,raw,C,,1755,2,1.0,0.02857142857142857,0.05555555555555556,1.0,0.05384615384615385,0.10218978102189781,1.0,0.05384615384615385,0.10218978102189781,0,0.984375,58,5,1,0,0.8333333333333334,307,2,0,2,0,1,300,1,480350.24004336447,1907.7256249729544,0.0,482257.9656683374,0,3284,7275,1,3283,3991,0,0,0,0.0,0.0,,,,,,,,
arcade-game,rs_3n,2,0,118,13,58,6,64,raw,C∪S,1,1755,230,0.22608695652173913,0.7428571428571429,0.3466666666666667,0.3929824561403509,0.8615384615384616,0.5397590361445784,0.4402730375426621,0.9923076923076923,0.6099290780141844,0,0.5625,30,6,0,28,1.0,307,2,305,230,0,1,300,1,480350.24004336447,1907.7256249729544,165.16741696977988,482423.1330853072,0,3284,7582,1,3283,3991,0,307,0,0.0,0.0,,,,,,,,
arcade-game,rs_3n,2,0,118,13,58,6,64,raw,C∪S,2,1755,230,0.22608695652173913,0.7428571428571429,0.3466666666666667,0.3929824561403509,0.8615384615384616,0.5397590361445784,0.4402730375426621,0.9923076923076923,0.6099290780141844,0,0.5625,30,6,0,28,1.0,307,2,305,230,0,1,300,1,480350.24004336447,1907.7256249729544,168.75095799332485,482426.71662633074,0,3284,7582,1,3283,3991,0,307,0,0.0,0.0,,,,,,,,
arcade-game,rs_3n,2,0,118,13,58,6,64,raw,C∪S,3,1755,230,0.22608695652173913,0.7428571428571429,0.3466666666666667,0.3929824561403509,0.8615384615384616,0.5397590361445784,0.4402730375426621,0.9923076923076923,0.6099290780141844,0,0.5625,30,6,0,28,1.0,307,2,305,230,0,1,300,1,480350.24004336447,1907.7256249729544,169.29116699611768,482427.25683533354,0,3284,7582,1,3283,3991,0,307,0,0.0,0.0,,,,,,,,
arcade-game,rs_3n,2,0,118,13,58,6,64,raw,C∪S,5,1755,208,0.25,0.7428571428571429,0.37410071942446044,0.41923076923076924,0.8384615384615385,0.5589743589743591,0.4664179104477612,0.9615384615384616,0.628140703517588,0,0.578125,31,6,0,27,1.0,307,2,277,208,0,1,300,1,480350.24004336447,1907.7256249729544,153.1280840281397,482411.09375236556,0,3284,7554,1,3283,3991,0,279,0,0.0,0.0,,,,,,,,
arcade-game,rs_3n,0,0,117,12,59,7,66,n/a,QuAcq,,1755,3,1.0,0.04285714285714286,0.0821917808219178,1.0,0.03076923076923077,0.059701492537313446,1.0,0.03076923076923077,0.059701492537313446,0,1.0,59,7,0,0,1.0,0,0,0,3,0,0,0,0,17857.64208296314,0.0,0.0,17857.64208296314,110,,0,0,0,0,0,0,0,0.0,4.811056137084961,pool_exhausted,,,0,0,0,24,1425
arcade-game,rs_3n,1,0,117,13,59,6,65,n/a,QuAcq,,1755,2,1.0,0.02857142857142857,0.05555555555555556,1.0,0.015384615384615385,0.030303030303030307,1.0,0.015384615384615385,0.030303030303030307,0,0.9846153846153847,59,5,1,0,0.8333333333333334,0,0,0,2,0,0,0,0,17050.879665999673,0.0,0.0,17050.879665999673,111,,0,0,0,0,0,0,0,0.0,4.784650802612305,pool_exhausted,,,0,0,0,3,1440
arcade-game,rs_3n,2,0,118,13,58,6,64,n/a,QuAcq,,1755,3,1.0,0.04285714285714286,0.0821917808219178,1.0,0.03076923076923077,0.059701492537313446,1.0,0.03076923076923077,0.059701492537313446,0,1.0,58,6,0,0,1.0,0,0,0,3,0,0,0,0,17401.924457983114,0.0,0.0,17401.924457983114,127,,0,0,0,0,0,0,0,0.0,4.617864608764648,pool_exhausted,,,0,0,0,14,1442
arcade-game,rs_3n,0,0,117,12,59,7,66,n/a,QuAcq-active,,1755,27,0.8888888888888888,0.34285714285714286,0.4948453608247422,1.0,0.2923076923076923,0.4523809523809524,1.0,0.2923076923076923,0.4523809523809524,0,1.0,59,7,0,0,1.0,0,0,0,27,0,0,0,0,5213442.725957953,0.0,0.0,5213442.725957953,5000,,0,0,0,0,0,0,0,0.0,86.02885818481445,max_queries,5000,7200.0,326,13,0,702,0
arcade-game,rs_3n,1,0,117,13,59,6,65,n/a,QuAcq-active,,1755,27,0.8888888888888888,0.34285714285714286,0.4948453608247422,1.0,0.2923076923076923,0.4523809523809524,1.0,0.2923076923076923,0.4523809523809524,0,1.0,59,6,0,0,1.0,0,0,0,27,0,0,0,0,5213442.725957953,0.0,0.0,5213442.725957953,5000,,0,0,0,0,0,0,0,0.0,86.02885818481445,max_queries,5000,7200.0,326,13,0,702,0
arcade-game,rs_3n,2,0,118,13,58,6,64,n/a,QuAcq-active,,1755,27,0.8888888888888888,0.34285714285714286,0.4948453608247422,1.0,0.2923076923076923,0.4523809523809524,1.0,0.2923076923076923,0.4523809523809524,0,1.0,58,6,0,0,1.0,0,0,0,27,0,0,0,0,5213442.725957953,0.0,0.0,5213442.725957953,5000,,0,0,0,0,0,0,0,0.0,86.02885818481445,max_queries,5000,7200.0,326,13,0,702,0
arcade-game,rs_m,0,1,8,0,5,1,6,n/a,A,,1755,1142,0.05866900175131348,0.9571428571428572,0.11056105610561055,0.10950764006791172,0.9923076923076923,0.19724770642201833,0.10386473429951691,0.9923076923076923,0.18804664723032072,0,0.3333333333333333,1,1,0,4,1.0,1142,0,0,1142,0,0,0,0,13905.510855140164,0.0,0.0,13905.510855140164,0,2237,2237,1,2236,0,0,0,0,0.0,0.0,,,,,,,,
arcade-game,rs_m,0,1,8,0,5,1,6,reduced,C,,1755,0,0.0,0.0,0.0,0.0,0.0,0.0,0.0,0.0,0.0,0,0.8333333333333334,5,0,1,0,0.0,1142,0,0,0,0,0,0,0,13905.510855140164,0.02158299321308732,0.0,13905.532438133378,0,2237,2237,1,2236,0,0,0,0,0.0,0.0,,,,,,,,
arcade-game,rs_m,0,1,8,0,5,1,6,reduced,C∪S,1,1755,62,0.532258064516129,0.4714285714285714,0.4999999999999999,0.7111111111111111,0.49230769230769234,0.5818181818181818,0.7766990291262136,0.6153846153846154,0.6866952789699571,0,0.5,2,1,0,3,1.0,1142,0,192,62,0,0,0,0,13905.510855140164,0.02158299321308732,30.988332990091294,13936.520771123469,0,2237,2429,1,2236,0,0,192,0,0.0,0.0,,,,,,,,
arcade-game,rs_m,0,1,8,0,5,1,6,reduced,C∪S,2,1755,36,0.7222222222222222,0.37142857142857144,0.490566037735849,0.8813559322033898,0.4,0.5502645502645502,0.9384615384615385,0.46923076923076923,0.6256410256410256,0,0.6666666666666666,3,1,0,2,1.0,1142,0,70,36,0,0,0,0,13905.510855140164,0.02158299321308732,13.008166977670044,13918.540605111048,0,2237,2307,1,2236,0,0,70,0,0.0,0.0,,,,,,,,
arcade-game,rs_m,0,1,8,0,5,1,6,reduced,C∪S,3,1755,28,0.7857142857142857,0.3142857142857143,0.44897959183673464,0.9166666666666666,0.3384615384615385,0.49438202247191015,0.9583333333333334,0.35384615384615387,0.5168539325842697,0,0.6666666666666666,3,1,0,2,1.0,1142,0,54,28,0,0,0,0,13905.510855140164,0.02158299321308732,9.772833960596472,13915.305272093974,0,2237,2291,1,2236,0,0,54,0,0.0,0.0,,,,,,,,
arcade-game,rs_m,0,1,8,0,5,1,6,reduced,C∪S,5,1755,26,0.8076923076923077,0.3,0.4375,0.9130434782608695,0.3230769230769231,0.47727272727272724,0.9565217391304348,0.3384615384615385,0.5000000000000001,0,0.6666666666666666,3,1,0,2,1.0,1142,0,52,26,0,0,0,0,13905.510855140164,0.02158299321308732,9.16733400663361,13914.699772140011,0,2237,2289,1,2236,0,0,52,0,0.0,0.0,,,,,,,,
arcade-game,rs_m,0,1,8,0,5,1,6,raw,C,,1755,0,0.0,0.0,0.0,0.0,0.0,0.0,0.0,0.0,0.0,0,0.8333333333333334,5,0,1,0,0.0,1142,0,0,0,0,0,0,0,13924.707602593116,0.022082997020334005,0.0,13924.729685590137,0,2237,2237,1,2236,0,0,0,0,0.0,0.0,,,,,,,,
arcade-game,rs_m,0,1,8,0,5,1,6,raw,C∪S,1,1755,62,0.532258064516129,0.4714285714285714,0.4999999999999999,0.7111111111111111,0.49230769230769234,0.5818181818181818,0.7766990291262136,0.6153846153846154,0.6866952789699571,0,0.5,2,1,0,3,1.0,1142,0,192,62,0,0,0,0,13924.707602593116,0.022082997020334005,31.04991599684581,13955.779601586983,0,2237,2429,1,2236,0,0,192,0,0.0,0.0,,,,,,,,
arcade-game,rs_m,0,1,8,0,5,1,6,raw,C∪S,2,1755,36,0.7222222222222222,0.37142857142857144,0.490566037735849,0.8813559322033898,0.4,0.5502645502645502,0.9384615384615385,0.46923076923076923,0.6256410256410256,0,0.6666666666666666,3,1,0,2,1.0,1142,0,70,36,0,0,0,0,13924.707602593116,0.022082997020334005,12.958292034454644,13937.687977624591,0,2237,2307,1,2236,0,0,70,0,0.0,0.0,,,,,,,,
arcade-game,rs_m,0,1,8,0,5,1,6,raw,C∪S,3,1755,28,0.7857142857142857,0.3142857142857143,0.44897959183673464,0.9166666666666666,0.3384615384615385,0.49438202247191015,0.9583333333333334,0.35384615384615387,0.5168539325842697,0,0.6666666666666666,3,1,0,2,1.0,1142,0,54,28,0,0,0,0,13924.707602593116,0.022082997020334005,9.815791971050203,13934.545477561187,0,2237,2291,1,2236,0,0,54,0,0.0,0.0,,,,,,,,
arcade-game,rs_m,0,1,8,0,5,1,6,raw,C∪S,5,1755,26,0.8076923076923077,0.3,0.4375,0.9130434782608695,0.3230769230769231,0.47727272727272724,0.9565217391304348,0.3384615384615385,0.5000000000000001,0,0.6666666666666666,3,1,0,2,1.0,1142,0,52,26,0,0,0,0,13924.707602593116,0.022082997020334005,9.19366697780788,13933.923352567945,0,2237,2289,1,2236,0,0,52,0,0.0,0.0,,,,,,,,
arcade-game,rs_m,1,0,9,1,4,0,4,n/a,A,,1755,1211,0.05532617671345995,0.9571428571428572,0.10460577673692427,0.10378117457763475,0.9923076923076923,0.18790968681718864,0.09877488514548238,0.9923076923076923,0.1796657381615599,0,0.0,0,0,0,4,,1211,0,0,1211,0,0,0,0,14783.787191088777,0.0,0.0,14783.787191088777,0,2082,2082,1,2081,0,0,0,0,0.0,0.0,,,,,,,,
arcade-game,rs_m,1,0,9,1,4,0,4,reduced,C,,1755,1,1.0,0.014285714285714285,0.028169014084507043,1.0,0.015384615384615385,0.030303030303030307,1.0,0.015384615384615385,0.030303030303030307,0,1.0,4,0,0,0,,1211,1,0,1,0,1,347,1,14783.787191088777,221.28533298382536,0.0,15005.072524072602,0,2082,3293,1,2081,1211,0,0,8,13.507583003956825,0.0,,,,,,,,
arcade-game,rs_m,1,0,9,1,4,0,4,reduced,C∪S,1,1755,60,0.5666666666666667,0.4857142857142857,0.523076923076923,0.7362637362637363,0.5153846153846153,0.6063348416289592,0.7821782178217822,0.6076923076923076,0.683982683982684,0,0.5,2,0,0,2,,1211,1,163,60,0,1,347,1,14783.787191088777,221.28533298382536,27.50020899111405,15032.572733063716,0,2082,3457,1,2081,1211,0,164,8,13.507583003956825,0.0,,,,,,,,
arcade-game,rs_m,1,0,9,1,4,0,4,reduced,C∪S,2,1755,39,0.717948717948718,0.4,0.5137614678899083,0.8714285714285714,0.46923076923076923,0.6099999999999999,0.9078947368421053,0.5307692307692308,0.6699029126213593,0,0.75,3,0,0,1,,1211,1,83,39,0,1,347,1,14783.787191088777,221.28533298382536,15.169000020250678,15020.241524092853,0,2082,3377,1,2081,1211,0,84,8,13.507583003956825,0.0,,,,,,,,
arcade-game,rs_m,1,0,9,1,4,0,4,reduced,C∪S,3,1755,36,0.7222222222222222,0.37142857142857144,0.490566037735849,0.8805970149253731,0.45384615384615384,0.598984771573604,0.9166666666666666,0.5076923076923077,0.6534653465346535,0,0.75,3,0,0,1,,1211,1,72,36,0,1,347,1,14783.787191088777,221.28533298382536,13.34270799998194,15018.415232072584,0,2082,3366,1,2081,1211,0,73,8,13.507583003956825,0.0,,,,,,,,
arcade-game,rs_m,1,0,9,1,4,0,4,reduced,C∪S,5,1755,26,0.8461538461538461,0.3142857142857143,0.45833333333333337,0.9361702127659575,0.3384615384615385,0.4971751412429379,0.9787234042553191,0.35384615384615387,0.5197740112994351,0,1.0,4,0,0,0,,1211,1,50,26,0,1,347,1,14783.787191088777,221.28533298382536,8.97270900895819,15014.04523308156,0,2082,3344,1,2081,1211,0,51,8,13.507583003956825,0.0,,,,,,,,
arcade-game,rs_m,1,0,9,1,4,0,4,raw,C,,1755,1,1.0,0.014285714285714285,0.028169014084507043,1.0,0.015384615384615385,0.030303030303030307,1.0,0.015384615384615385,0.030303030303030307,0,1.0,4,0,0,0,,1211,1,0,1,0,1,347,1,15183.215896424372,220.7528330036439,0.0,15403.968729428016,0,2082,3293,1,2081,1211,0,0,0,0.0,0.0,,,,,,,,
arcade-game,rs_m,1,0,9,1,4,0,4,raw,C∪S,1,1755,60,0.5666666666666667,0.4857142857142857,0.523076923076923,0.7362637362637363,0.5153846153846153,0.6063348416289592,0.7821782178217822,0.6076923076923076,0.683982683982684,0,0.5,2,0,0,2,,1211,1,163,60,0,1,347,1,15183.215896424372,220.7528330036439,27.354167017620057,15431.322896445636,0,2082,3457,1,2081,1211,0,164,0,0.0,0.0,,,,,,,,
arcade-game,rs_m,1,0,9,1,4,0,4,raw,C∪S,2,1755,39,0.717948717948718,0.4,0.5137614678899083,0.8714285714285714,0.46923076923076923,0.6099999999999999,0.9078947368421053,0.5307692307692308,0.6699029126213593,0,0.75,3,0,0,1,,1211,1,83,39,0,1,347,1,15183.215896424372,220.7528330036439,15.11633297195658,15419.085062399972,0,2082,3377,1,2081,1211,0,84,0,0.0,0.0,,,,,,,,
arcade-game,rs_m,1,0,9,1,4,0,4,raw,C∪S,3,1755,36,0.7222222222222222,0.37142857142857144,0.490566037735849,0.8805970149253731,0.45384615384615384,0.598984771573604,0.9166666666666666,0.5076923076923077,0.6534653465346535,0,0.75,3,0,0,1,,1211,1,72,36,0,1,347,1,15183.215896424372,220.7528330036439,13.394540990702808,15417.363270418718,0,2082,3366,1,2081,1211,0,73,0,0.0,0.0,,,,,,,,
arcade-game,rs_m,1,0,9,1,4,0,4,raw,C∪S,5,1755,26,0.8461538461538461,0.3142857142857143,0.45833333333333337,0.9361702127659575,0.3384615384615385,0.4971751412429379,0.9787234042553191,0.35384615384615387,0.5197740112994351,0,1.0,4,0,0,0,,1211,1,50,26,0,1,347,1,15183.215896424372,220.7528330036439,9.094832988921553,15413.063562416937,0,2082,3344,1,2081,1211,0,51,0,0.0,0.0,,,,,,,,
arcade-game,rs_m,2,0,9,1,4,0,4,n/a,A,,1755,1148,0.05836236933797909,0.9571428571428572,0.11001642036124795,0.10932203389830508,0.9923076923076923,0.19694656488549617,0.10378117457763475,0.9923076923076923,0.18790968681718864,0,0.25,1,0,0,3,,1148,0,0,1148,0,0,0,0,15604.604772117455,0.0,0.0,15604.604772117455,0,2169,2169,1,2168,0,0,0,0,0.0,0.0,,,,,,,,
arcade-game,rs_m,2,0,9,1,4,0,4,reduced,C,,1755,1,1.0,0.014285714285714285,0.028169014084507043,1.0,0.015384615384615385,0.030303030303030307,1.0,0.015384615384615385,0.030303030303030307,0,1.0,4,0,0,0,,1148,1,0,1,0,1,324,1,15604.604772117455,212.30870799627155,0.0,15816.913480113726,0,2169,3317,1,2168,1148,0,0,8,13.543499982915819,0.0,,,,,,,,
arcade-game,rs_m,2,0,9,1,4,0,4,reduced,C∪S,1,1755,59,0.559322033898305,0.4714285714285714,0.5116279069767442,0.735632183908046,0.49230769230769234,0.5898617511520737,0.79,0.6076923076923076,0.6869565217391304,0,1.0,4,0,0,0,,1148,1,148,59,0,1,324,1,15604.604772117455,212.30870799627155,25.551624945364892,15842.465105059091,0,2169,3466,1,2168,1148,0,149,8,13.543499982915819,0.0,,,,,,,,
arcade-game,rs_m,2,0,9,1,4,0,4,reduced,C∪S,2,1755,41,0.7317073170731707,0.42857142857142855,0.5405405405405405,0.8840579710144928,0.46923076923076923,0.6130653266331658,0.922077922077922,0.5461538461538461,0.6859903381642511,0,1.0,4,0,0,0,,1148,1,75,41,0,1,324,1,15604.604772117455,212.30870799627155,14.854666020255536,15831.768146133982,0,2169,3393,1,2168,1148,0,76,8,13.543499982915819,0.0,,,,,,,,
arcade-game,rs_m,2,0,9,1,4,0,4,reduced,C∪S,3,1755,35,0.7714285714285715,0.38571428571428573,0.5142857142857142,0.9206349206349206,0.4461538461538462,0.6010362694300517,0.9571428571428572,0.5153846153846153,0.6699999999999999,0,1.0,4,0,0,0,,1148,1,63,35,0,1,324,1,15604.604772117455,212.30870799627155,12.174542003776878,15829.088022117503,0,2169,3381,1,2168,1148,0,64,8,13.543499982915819,0.0,,,,,,,,
arcade-game,rs_m,2,0,9,1,4,0,4,reduced,C∪S,5,1755,28,0.8214285714285714,0.32857142857142857,0.4693877551020408,0.9387755102040817,0.35384615384615387,0.5139664804469274,0.9795918367346939,0.36923076923076925,0.5363128491620112,0,1.0,4,0,0,0,,1148,1,52,28,0,1,324,1,15604.604772117455,212.30870799627155,9.652082982938737,15826.565563096665,0,2169,3370,1,2168,1148,0,53,8,13.543499982915819,0.0,,,,,,,,
arcade-game,rs_m,2,0,9,1,4,0,4,raw,C,,1755,1,1.0,0.014285714285714285,0.028169014084507043,1.0,0.015384615384615385,0.030303030303030307,1.0,0.015384615384615385,0.030303030303030307,0,1.0,4,0,0,0,,1148,1,0,1,0,1,324,1,15701.874886348378,212.1009579859674,0.0,15913.975844334345,0,2169,3317,1,2168,1148,0,0,0,0.0,0.0,,,,,,,,
arcade-game,rs_m,2,0,9,1,4,0,4,raw,C∪S,1,1755,59,0.559322033898305,0.4714285714285714,0.5116279069767442,0.735632183908046,0.49230769230769234,0.5898617511520737,0.79,0.6076923076923076,0.6869565217391304,0,1.0,4,0,0,0,,1148,1,148,59,0,1,324,1,15701.874886348378,212.1009579859674,25.753124966286123,15939.728969300631,0,2169,3466,1,2168,1148,0,149,0,0.0,0.0,,,,,,,,
arcade-game,rs_m,2,0,9,1,4,0,4,raw,C∪S,2,1755,41,0.7317073170731707,0.42857142857142855,0.5405405405405405,0.8840579710144928,0.46923076923076923,0.6130653266331658,0.922077922077922,0.5461538461538461,0.6859903381642511,0,1.0,4,0,0,0,,1148,1,75,41,0,1,324,1,15701.874886348378,212.1009579859674,14.825125050265342,15928.80096938461,0,2169,3393,1,2168,1148,0,76,0,0.0,0.0,,,,,,,,
arcade-game,rs_m,2,0,9,1,4,0,4,raw,C∪S,3,1755,35,0.7714285714285715,0.38571428571428573,0.5142857142857142,0.9206349206349206,0.4461538461538462,0.6010362694300517,0.9571428571428572,0.5153846153846153,0.6699999999999999,0,1.0,4,0,0,0,,1148,1,63,35,0,1,324,1,15701.874886348378,212.1009579859674,12.224458041600883,15926.200302375946,0,2169,3381,1,2168,1148,0,64,0,0.0,0.0,,,,,,,,
arcade-game,rs_m,2,0,9,1,4,0,4,raw,C∪S,5,1755,28,0.8214285714285714,0.32857142857142857,0.4693877551020408,0.9387755102040817,0.35384615384615387,0.5139664804469274,0.9795918367346939,0.36923076923076925,0.5363128491620112,0,1.0,4,0,0,0,,1148,1,52,28,0,1,324,1,15701.874886348378,212.1009579859674,9.69624996650964,15923.672094300855,0,2169,3370,1,2168,1148,0,53,0,0.0,0.0,,,,,,,,
arcade-game,rs_m,0,1,8,0,5,1,6,n/a,QuAcq,,1755,0,0.0,0.0,0.0,0.0,0.0,0.0,0.0,0.0,0.0,0,0.8333333333333334,5,0,1,0,0.0,0,0,0,0,0,0,0,0,1964.7486249450594,0.0,0.0,1964.7486249450594,8,,0,0,0,0,0,0,0,0.0,2.3301143646240234,pool_exhausted,,,0,0,0,0,613
arcade-game,rs_m,1,0,9,1,4,0,4,n/a,QuAcq,,1755,1,1.0,0.014285714285714285,0.028169014084507043,1.0,0.007692307692307693,0.015267175572519085,1.0,0.007692307692307693,0.015267175572519085,0,1.0,4,0,0,0,,0,0,0,1,0,0,0,0,3141.450957977213,0.0,0.0,3141.450957977213,16,,0,0,0,0,0,0,0,0.0,2.1911983489990234,pool_exhausted,,,0,0,0,2,544
arcade-game,rs_m,2,0,9,1,4,0,4,n/a,QuAcq,,1755,1,1.0,0.014285714285714285,0.028169014084507043,1.0,0.007692307692307693,0.015267175572519085,1.0,0.007692307692307693,0.015267175572519085,0,1.0,4,0,0,0,,0,0,0,1,0,0,0,0,3313.30183299724,0.0,0.0,3313.30183299724,17,,0,0,0,0,0,0,0,0.0,2.2189388275146484,pool_exhausted,,,0,0,0,2,607
arcade-game,rs_m,0,1,8,0,5,1,6,n/a,QuAcq-active,,1755,27,0.8888888888888888,0.34285714285714286,0.4948453608247422,1.0,0.2923076923076923,0.4523809523809524,1.0,0.2923076923076923,0.4523809523809524,0,1.0,5,1,0,0,1.0,0,0,0,27,0,0,0,0,5213442.725957953,0.0,0.0,5213442.725957953,5000,,0,0,0,0,0,0,0,0.0,86.02885818481445,max_queries,5000,7200.0,326,13,0,702,0
arcade-game,rs_m,1,0,9,1,4,0,4,n/a,QuAcq-active,,1755,27,0.8888888888888888,0.34285714285714286,0.4948453608247422,1.0,0.2923076923076923,0.4523809523809524,1.0,0.2923076923076923,0.4523809523809524,0,1.0,4,0,0,0,,0,0,0,27,0,0,0,0,5213442.725957953,0.0,0.0,5213442.725957953,5000,,0,0,0,0,0,0,0,0.0,86.02885818481445,max_queries,5000,7200.0,326,13,0,702,0
arcade-game,rs_m,2,0,9,1,4,0,4,n/a,QuAcq-active,,1755,27,0.8888888888888888,0.34285714285714286,0.4948453608247422,1.0,0.2923076923076923,0.4523809523809524,1.0,0.2923076923076923,0.4523809523809524,0,1.0,4,0,0,0,,0,0,0,27,0,0,0,0,5213442.725957953,0.0,0.0,5213442.725957953,5000,,0,0,0,0,0,0,0,0.0,86.02885818481445,max_queries,5000,7200.0,326,13,0,702,0
