kb,example_set,negatives,condition,k,n_folds,n_ok_folds,n_failed,n_zero_neg_folds,size_mean,size_std,desc_p_mean,desc_p_std,desc_r_mean,desc_r_std,desc_f1_mean,desc_f1_std,clause_p_mean,clause_p_std,clause_r_mean,clause_r_std,clause_f1_mean,clause_f1_std,sem_p_mean,sem_p_std,sem_r_mean,sem_r_std,sem_f1_mean,sem_f1_std,exact_equiv_mean,exact_equiv_std,accuracy_mean,accuracy_std,specificity_mean,specificity_std,tp_mean,tp_std,tn_mean,tn_std,fp_mean,fp_std,fn_mean,fn_std,n_test_neg_mean,n_test_neg_std,n_mss_mean,n_mss_std,n_cover_mean,n_cover_std,n_support_mean,n_support_std,n_kb_mean,n_kb_std,n_uncoverable_mean,n_uncoverable_std,n_components_mean,n_components_std,largest_component_mean,largest_component_std,n_greedy_fallback_mean,n_greedy_fallback_std,stage1_ms_mean,stage1_ms_std,cover_ms_mean,cover_ms_std,reduce_ms_mean,reduce_ms_std,total_ms_mean,total_ms_std,preprocessing_ms_mean,preprocessing_ms_std,preprocessing_checks_mean,preprocessing_checks_std,oracle_queries_mean,oracle_queries_std,stage1_batch_checks_mean,stage1_batch_checks_std,checks_total_mean,checks_total_std,checks_gate_mean,checks_gate_std,checks_admpool_mean,checks_admpool_std,checks_cover_rej_mean,checks_cover_rej_std,checks_cover_qx_mean,checks_cover_qx_std,checks_redundancy_mean,checks_redundancy_std,memory_mb_mean,memory_mb_std
fqa,2cov,n/a,A,,3,3,0,0,458,0.0,0.2052401746724891,0.0,0.9215686274509803,0.0,0.33571428571428574,0.0,0.47960618846694797,0.0,0.9970760233918129,0.0,0.6476733143399811,0.0,0.4755927475592748,0.0,0.9970760233918129,0.0,0.6440037771482531,0.0,0,0.0,1.0,0.0,1.0,0.0,0,0.0,5.333333333333333,0.5773502691896257,0,0.0,0,0.0,5.333333333333333,0.5773502691896257,458,0.0,0,0.0,0,0.0,458,0.0,0,0.0,0,0.0,0,0.0,0,0.0,4.538054985459894,0.08005978696102664,0.0,0.0,0.0,0.0,4.538054985459894,0.08005978696102664,0.0,0.0,0,0.0,0,0.0,10,0.0,10,0.0,1,0.0,9,0.0,0,0.0,0,0.0,0,0.0,0.0,0.0
fqa,2cov,reduced,C,,3,3,0,0,1.6666666666666667,0.5773502691896257,0.3333333333333333,0.28867513459481287,0.006535947712418301,0.005660296756761037,0.012820512820512822,0.011102889792108188,0.4601638995317156,0.17734980730857275,0.042884990253411304,0.017132939406673434,0.07824801527863619,0.03063630782350589,0.4601638995317156,0.17734980730857275,0.042884990253411304,0.017132939406673434,0.07824801527863619,0.03063630782350589,0,0.0,1.0,0.0,1.0,0.0,0,0.0,5.333333333333333,0.5773502691896257,0,0.0,0,0.0,5.333333333333333,0.5773502691896257,458,0.0,1.6666666666666667,0.5773502691896257,0,0.0,1.6666666666666667,0.5773502691896257,0,0.0,1,0.0,441.6666666666667,6.506407098647712,1,0.0,4.538054985459894,0.08005978696102664,446.49820833001286,44.23087566463037,0.0,0.0,451.03626331547275,44.178183037454076,271.659917353342,33.758478580085615,166.66666666666666,11.060440015358038,0,0.0,10,0.0,4895.333333333333,264.4264232888486,1,0.0,9,0.0,4885.333333333333,264.4264232888486,0,0.0,0,0.0,0.0,0.0
fqa,2cov,reduced,C∪S,1,3,3,0,0,1.6666666666666667,0.5773502691896257,0.3333333333333333,0.28867513459481287,0.006535947712418301,0.005660296756761037,0.012820512820512822,0.011102889792108188,0.4601638995317156,0.17734980730857275,0.042884990253411304,0.017132939406673434,0.07824801527863619,0.03063630782350589,0.4601638995317156,0.17734980730857275,0.042884990253411304,0.017132939406673434,0.07824801527863619,0.03063630782350589,0,0.0,1.0,0.0,1.0,0.0,0,0.0,5.333333333333333,0.5773502691896257,0,0.0,0,0.0,5.333333333333333,0.5773502691896257,458,0.0,1.6666666666666667,0.5773502691896257,0,0.0,1.6666666666666667,0.5773502691896257,0,0.0,1,0.0,441.6666666666667,6.506407098647712,1,0.0,4.538054985459894,0.08005978696102664,446.49820833001286,44.23087566463037,0.3896663353467981,0.17017388514861345,451.42592965081957,44.347607636188926,271.659917353342,33.758478580085615,166.66666666666666,11.060440015358038,0,0.0,10,0.0,4897,265.00377355803823,1,0.0,9,0.0,4885.333333333333,264.4264232888486,0,0.0,1.6666666666666667,0.5773502691896257,0.0,0.0
fqa,2cov,reduced,C∪S,2,3,3,0,0,1.6666666666666667,0.5773502691896257,0.3333333333333333,0.28867513459481287,0.006535947712418301,0.005660296756761037,0.012820512820512822,0.011102889792108188,0.4601638995317156,0.17734980730857275,0.042884990253411304,0.017132939406673434,0.07824801527863619,0.03063630782350589,0.4601638995317156,0.17734980730857275,0.042884990253411304,0.017132939406673434,0.07824801527863619,0.03063630782350589,0,0.0,1.0,0.0,1.0,0.0,0,0.0,5.333333333333333,0.5773502691896257,0,0.0,0,0.0,5.333333333333333,0.5773502691896257,458,0.0,1.6666666666666667,0.5773502691896257,0,0.0,1.6666666666666667,0.5773502691896257,0,0.0,1,0.0,441.6666666666667,6.506407098647712,1,0.0,4.538054985459894,0.08005978696102664,446.49820833001286,44.23087566463037,0.3128056414425373,0.1279150320781011,451.3490689569153,44.30395166154653,271.659917353342,33.758478580085615,166.66666666666666,11.060440015358038,0,0.0,10,0.0,4897,265.00377355803823,1,0.0,9,0.0,4885.333333333333,264.4264232888486,0,0.0,1.6666666666666667,0.5773502691896257,0.0,0.0
fqa,2cov,reduced,C∪S,3,3,3,0,0,1.6666666666666667,0.5773502691896257,0.3333333333333333,0.28867513459481287,0.006535947712418301,0.005660296756761037,0.012820512820512822,0.011102889792108188,0.4601638995317156,0.17734980730857275,0.042884990253411304,0.017132939406673434,0.07824801527863619,0.03063630782350589,0.4601638995317156,0.17734980730857275,0.042884990253411304,0.017132939406673434,0.07824801527863619,0.03063630782350589,0,0.0,1.0,0.0,1.0,0.0,0,0.0,5.333333333333333,0.5773502691896257,0,0.0,0,0.0,5.333333333333333,0.5773502691896257,458,0.0,1.6666666666666667,0.5773502691896257,0,0.0,1.6666666666666667,0.5773502691896257,0,0.0,1,0.0,441.6666666666667,6.506407098647712,1,0.0,4.538054985459894,0.08005978696102664,446.49820833001286,44.23087566463037,0.3297500079497695,0.11124617094693194,451.3660133234225,44.28189938518388,271.659917353342,33.758478580085615,166.66666666666666,11.060440015358038,0,0.0,10,0.0,4897,265.00377355803823,1,0.0,9,0.0,4885.333333333333,264.4264232888486,0,0.0,1.6666666666666667,0.5773502691896257,0.0,0.0
fqa,2cov,reduced,C∪S,5,3,3,0,0,1.6666666666666667,0.5773502691896257,0.3333333333333333,0.28867513459481287,0.006535947712418301,0.005660296756761037,0.012820512820512822,0.011102889792108188,0.4601638995317156,0.17734980730857275,0.042884990253411304,0.017132939406673434,0.07824801527863619,0.03063630782350589,0.4601638995317156,0.17734980730857275,0.042884990253411304,0.017132939406673434,0.07824801527863619,0.03063630782350589,0,0.0,1.0,0.0,1.0,0.0,0,0.0,5.333333333333333,0.5773502691896257,0,0.0,0,0.0,5.333333333333333,0.5773502691896257,458,0.0,1.6666666666666667,0.5773502691896257,0,0.0,1.6666666666666667,0.5773502691896257,0,0.0,1,0.0,441.6666666666667,6.506407098647712,1,0.0,4.538054985459894,0.08005978696102664,446.49820833001286,44.23087566463037,0.3323336713947356,0.15111716194506927,451.3685969868675,44.329299836648985,271.659917353342,33.758478580085615,166.66666666666666,11.060440015358038,0,0.0,10,0.0,4897,265.00377355803823,1,0.0,9,0.0,4885.333333333333,264.4264232888486,0,0.0,1.6666666666666667,0.5773502691896257,0.0,0.0
fqa,2cov,raw,C,,3,3,0,0,1.6666666666666667,0.5773502691896257,0.3333333333333333,0.28867513459481287,0.006535947712418301,0.005660296756761037,0.012820512820512822,0.011102889792108188,0.4601638995317156,0.17734980730857275,0.042884990253411304,0.017132939406673434,0.07824801527863619,0.03063630782350589,0.4601638995317156,0.17734980730857275,0.042884990253411304,0.017132939406673434,0.07824801527863619,0.03063630782350589,0,0.0,1.0,0.0,1.0,0.0,0,0.0,5.333333333333333,0.5773502691896257,0,0.0,0,0.0,5.333333333333333,0.5773502691896257,458,0.0,1.6666666666666667,0.5773502691896257,0,0.0,1.6666666666666667,0.5773502691896257,0,0.0,1,0.0,441.6666666666667,6.506407098647712,1,0.0,5.247596651315689,1.0844910662003917,450.8038336643949,44.045947584000345,0.0,0.0,456.0514303157106,43.11510451101176,0.0,0.0,0,0.0,0,0.0,10,0.0,4895.333333333333,264.4264232888486,1,0.0,9,0.0,4885.333333333333,264.4264232888486,0,0.0,0,0.0,0.0,0.0
fqa,2cov,raw,C∪S,1,3,3,0,0,1.6666666666666667,0.5773502691896257,0.3333333333333333,0.28867513459481287,0.006535947712418301,0.005660296756761037,0.012820512820512822,0.011102889792108188,0.4601638995317156,0.17734980730857275,0.042884990253411304,0.017132939406673434,0.07824801527863619,0.03063630782350589,0.4601638995317156,0.17734980730857275,0.042884990253411304,0.017132939406673434,0.07824801527863619,0.03063630782350589,0,0.0,1.0,0.0,1.0,0.0,0,0.0,5.333333333333333,0.5773502691896257,0,0.0,0,0.0,5.333333333333333,0.5773502691896257,458,0.0,1.6666666666666667,0.5773502691896257,0,0.0,1.6666666666666667,0.5773502691896257,0,0.0,1,0.0,441.6666666666667,6.506407098647712,1,0.0,5.247596651315689,1.0844910662003917,450.8038336643949,44.045947584000345,0.4101389980254074,0.13546322372124736,456.461569313736,43.24881184121111,0.0,0.0,0,0.0,0,0.0,10,0.0,4897,265.00377355803823,1,0.0,9,0.0,4885.333333333333,264.4264232888486,0,0.0,1.6666666666666667,0.5773502691896257,0.0,0.0
fqa,2cov,raw,C∪S,2,3,3,0,0,1.6666666666666667,0.5773502691896257,0.3333333333333333,0.28867513459481287,0.006535947712418301,0.005660296756761037,0.012820512820512822,0.011102889792108188,0.4601638995317156,0.17734980730857275,0.042884990253411304,0.017132939406673434,0.07824801527863619,0.03063630782350589,0.4601638995317156,0.17734980730857275,0.042884990253411304,0.017132939406673434,0.07824801527863619,0.03063630782350589,0,0.0,1.0,0.0,1.0,0.0,0,0.0,5.333333333333333,0.5773502691896257,0,0.0,0,0.0,5.333333333333333,0.5773502691896257,458,0.0,1.6666666666666667,0.5773502691896257,0,0.0,1.6666666666666667,0.5773502691896257,0,0.0,1,0.0,441.6666666666667,6.506407098647712,1,0.0,5.247596651315689,1.0844910662003917,450.8038336643949,44.045947584000345,0.2935553396431108,0.11788703681104362,456.3449856553537,43.23219104890076,0.0,0.0,0,0.0,0,0.0,10,0.0,4897,265.00377355803823,1,0.0,9,0.0,4885.333333333333,264.4264232888486,0,0.0,1.6666666666666667,0.5773502691896257,0.0,0.0
fqa,2cov,raw,C∪S,3,3,3,0,0,1.6666666666666667,0.5773502691896257,0.3333333333333333,0.28867513459481287,0.006535947712418301,0.005660296756761037,0.012820512820512822,0.011102889792108188,0.4601638995317156,0.17734980730857275,0.042884990253411304,0.017132939406673434,0.07824801527863619,0.03063630782350589,0.4601638995317156,0.17734980730857275,0.042884990253411304,0.017132939406673434,0.07824801527863619,0.03063630782350589,0,0.0,1.0,0.0,1.0,0.0,0,0.0,5.333333333333333,0.5773502691896257,0,0.0,0,0.0,5.333333333333333,0.5773502691896257,458,0.0,1.6666666666666667,0.5773502691896257,0,0.0,1.6666666666666667,0.5773502691896257,0,0.0,1,0.0,441.6666666666667,6.506407098647712,1,0.0,5.247596651315689,1.0844910662003917,450.8038336643949,44.045947584000345,0.28636065932611626,0.11346854502180333,456.33779097503674,43.22643543763309,0.0,0.0,0,0.0,0,0.0,10,0.0,4897,265.00377355803823,1,0.0,9,0.0,4885.333333333333,264.4264232888486,0,0.0,1.6666666666666667,0.5773502691896257,0.0,0.0
fqa,2cov,raw,C∪S,5,3,3,0,0,1.6666666666666667,0.5773502691896257,0.3333333333333333,0.28867513459481287,0.006535947712418301,0.005660296756761037,0.012820512820512822,0.011102889792108188,0.4601638995317156,0.17734980730857275,0.042884990253411304,0.017132939406673434,0.07824801527863619,0.03063630782350589,0.4601638995317156,0.17734980730857275,0.042884990253411304,0.017132939406673434,0.07824801527863619,0.03063630782350589,0,0.0,1.0,0.0,1.0,0.0,0,0.0,5.333333333333333,0.5773502691896257,0,0.0,0,0.0,5.333333333333333,0.5773502691896257,458,0.0,1.6666666666666667,0.5773502691896257,0,0.0,1.6666666666666667,0.5773502691896257,0,0.0,1,0.0,441.6666666666667,6.506407098647712,1,0.0,5.247596651315689,1.0844910662003917,450.8038336643949,44.045947584000345,0.3170413353169958,0.14017901304852565,456.3684716510276,43.247832306011034,0.0,0.0,0,0.0,0,0.0,10,0.0,4897,265.00377355803823,1,0.0,9,0.0,4885.333333333333,264.4264232888486,0,0.0,1.6666666666666667,0.5773502691896257,0.0,0.0
fqa,2cov,n/a,QuAcq,,3,3,0,0,0,0.0,0.0,0.0,0.0,0.0,0.0,0.0,0.0,0.0,0.0,0.0,0.0,0.0,0.0,0.0,0.0,0.0,0.0,0.0,0,0.0,0.5,0.09999999999999998,0.5,0.09999999999999998,0,0.0,2.6666666666666665,0.5773502691896257,2.6666666666666665,0.5773502691896257,0,0.0,5.333333333333333,0.5773502691896257,0,0.0,0,0.0,0,0.0,0,0.0,0,0.0,0,0.0,0,0.0,0,0.0,1391.0735836834647,68.29833947494681,0.0,0.0,0.0,0.0,1391.0735836834647,68.29833947494681,0.0,0.0,0,0.0,82,6.928203230275509,,,0,0.0,0,0.0,0,0.0,0,0.0,0,0.0,0,0.0,1.071809450785319,0.011849617038287057
fqa,ff,n/a,A,,3,3,0,0,278.3333333333333,18.58314648635514,0.3387060212981853,0.022059485723786337,0.9215686274509803,0.0,0.4950765855528606,0.02374673842190751,0.6922522503721635,0.032450462171721046,0.9970760233918129,0.0,0.8168706964554088,0.022811256116367997,0.6922522503721635,0.032450462171721046,0.9970760233918129,0.0,0.8168706964554088,0.022811256116367997,0,0.0,0.7855260681347638,0.07842695897516265,1.0,0.0,15,2.0,2.3333333333333335,0.5773502691896257,0,0.0,4.666666666666667,1.5275252316519468,2.3333333333333335,0.5773502691896257,278.3333333333333,18.58314648635514,0,0.0,0,0.0,278.3333333333333,18.58314648635514,0,0.0,0,0.0,0,0.0,0,0.0,3438.068763643969,101.11493407482558,0.0,0.0,0.0,0.0,3438.068763643969,101.11493407482558,0.0,0.0,0,0.0,0,0.0,582.3333333333334,29.143323992525858,582.3333333333334,29.143323992525858,1,0.0,581.3333333333334,29.143323992525858,0,0.0,0,0.0,0,0.0,0.0,0.0
fqa,ff,reduced,C,,3,3,0,0,1,0.0,1.0,0.0,0.00980392156862745,0.0,0.01941747572815534,0.0,1.0,0.0,0.05360623781676413,0.01856974550025112,0.1013603959779597,0.03380742322777094,1.0,0.0,0.05360623781676413,0.01856974550025112,0.1013603959779597,0.03380742322777094,0,0.0,1.0,0.0,1.0,0.0,19.666666666666668,0.5773502691896257,2.3333333333333335,0.5773502691896257,0,0.0,0,0.0,2.3333333333333335,0.5773502691896257,278.3333333333333,18.58314648635514,1,0.0,0,0.0,1,0.0,0,0.0,1,0.0,221.33333333333334,14.502873278538061,1,0.0,3438.068763643969,101.11493407482558,127.13023603040104,21.83123739804922,0.0,0.0,3565.19899967437,85.01908755083764,172.76005561385924,26.87815766094816,66,9.539392014169456,0,0.0,582.3333333333334,29.143323992525858,1883,181.05524018928588,1,0.0,581.3333333333334,29.143323992525858,1300.6666666666667,201.88197872354365,0,0.0,0,0.0,0.0,0.0
fqa,ff,reduced,C∪S,1,3,3,0,0,99.33333333333333,7.094598884597588,0.6866752529571772,0.04505465654467699,0.6666666666666666,0.009803921568627472,0.6759657301762564,0.021910864134816202,0.8838596271998334,0.039375368263788624,0.6627680311890838,0.0497362605152946,0.7558099587391665,0.020112607960276446,0.8844285864243351,0.039377529607814286,0.6666666666666666,0.04970760233918131,0.7585796892559992,0.02042045187742855,0,0.0,0.8614091222786875,0.08248362074843102,1.0,0.0,16.666666666666668,2.0816659994661326,2.3333333333333335,0.5773502691896257,0,0.0,3,1.7320508075688772,2.3333333333333335,0.5773502691896257,278.3333333333333,18.58314648635514,1,0.0,184.33333333333334,22.54624876411447,99.33333333333333,7.094598884597588,0,0.0,1,0.0,221.33333333333334,14.502873278538061,1,0.0,3438.068763643969,101.11493407482558,127.13023603040104,21.83123739804922,22.91162502175818,2.6655301303126753,3588.110624696128,83.83642622531545,172.76005561385924,26.87815766094816,66,9.539392014169456,0,0.0,582.3333333333334,29.143323992525858,2068.3333333333335,173.1020893384402,1,0.0,581.3333333333334,29.143323992525858,1300.6666666666667,201.88197872354365,0,0.0,185.33333333333334,22.54624876411447,0.0,0.0
fqa,ff,reduced,C∪S,2,3,3,0,0,48.333333333333336,2.309401076758503,0.8909748296481713,0.04657272479340276,0.4215686274509804,0.009803921568627472,0.5721513064584521,0.016002243420683102,0.9679171660823037,0.013905670554635695,0.34405458089668617,0.027168342816308665,0.5070974529428436,0.028302022026335808,0.9679171660823037,0.013905670554635695,0.34405458089668617,0.027168342816308665,0.5070974529428436,0.028302022026335808,0,0.0,0.9848484848484849,0.026243194054073875,1.0,0.0,19.333333333333332,0.5773502691896257,2.3333333333333335,0.5773502691896257,0,0.0,0.3333333333333333,0.5773502691896257,2.3333333333333335,0.5773502691896257,278.3333333333333,18.58314648635514,1,0.0,85.66666666666667,3.7859388972001824,48.333333333333336,2.309401076758503,0,0.0,1,0.0,221.33333333333334,14.502873278538061,1,0.0,3438.068763643969,101.11493407482558,127.13023603040104,21.83123739804922,12.642958317883313,1.1089095201861565,3577.8419579922534,84.92011527521798,172.76005561385924,26.87815766094816,66,9.539392014169456,0,0.0,582.3333333333334,29.143323992525858,1969.6666666666667,177.3649721149397,1,0.0,581.3333333333334,29.143323992525858,1300.6666666666667,201.88197872354365,0,0.0,86.66666666666667,3.7859388972001824,0.0,0.0
fqa,ff,reduced,C∪S,3,3,3,0,0,38.666666666666664,1.1547005383792515,0.9574561403508772,0.028107842052652824,0.3627450980392157,0.0,0.5260898725687458,0.004298181078474097,0.9867756704427543,0.005218432151308282,0.2884990253411306,0.014423634100339894,0.44631985422704146,0.017116809030282135,0.9867756704427543,0.005218432151308282,0.2884990253411306,0.014423634100339894,0.44631985422704146,0.017116809030282135,0,0.0,1.0,0.0,1.0,0.0,19.666666666666668,0.5773502691896257,2.3333333333333335,0.5773502691896257,0,0.0,0,0.0,2.3333333333333335,0.5773502691896257,278.3333333333333,18.58314648635514,1,0.0,72,1.0,38.666666666666664,1.1547005383792515,0,0.0,1,0.0,221.33333333333334,14.502873278538061,1,0.0,3438.068763643969,101.11493407482558,127.13023603040104,21.83123739804922,10.00844466034323,0.6356149328707699,3575.2074443347133,85.10321434699998,172.76005561385924,26.87815766094816,66,9.539392014169456,0,0.0,582.3333333333334,29.143323992525858,1956,180.41895687537937,1,0.0,581.3333333333334,29.143323992525858,1300.6666666666667,201.88197872354365,0,0.0,73,1.0,0.0,0.0
fqa,ff,reduced,C∪S,5,3,3,0,0,35.666666666666664,1.1547005383792515,0.971943371943372,0.0008916606473971421,0.33986928104575165,0.011320593513522098,0.5035621138125995,0.012491115418060514,0.989083820662768,0.00033763173636816053,0.2651072124756335,0.008440793409205038,0.41809334124360825,0.010489826591874337,0.989083820662768,0.00033763173636816053,0.2651072124756335,0.008440793409205038,0.41809334124360825,0.010489826591874337,0,0.0,1.0,0.0,1.0,0.0,19.666666666666668,0.5773502691896257,2.3333333333333335,0.5773502691896257,0,0.0,0,0.0,2.3333333333333335,0.5773502691896257,278.3333333333333,18.58314648635514,1,0.0,67.33333333333333,2.309401076758503,35.666666666666664,1.1547005383792515,0,0.0,1,0.0,221.33333333333334,14.502873278538061,1,0.0,3438.068763643969,101.11493407482558,127.13023603040104,21.83123739804922,9.13387465213115,0.22450241486036765,3574.332874326501,85.00895015864279,172.76005561385924,26.87815766094816,66,9.539392014169456,0,0.0,582.3333333333334,29.143323992525858,1951.3333333333333,182.83963829906614,1,0.0,581.3333333333334,29.143323992525858,1300.6666666666667,201.88197872354365,0,0.0,68.33333333333333,2.309401076758503,0.0,0.0
fqa,ff,raw,C,,3,3,0,0,1,0.0,1.0,0.0,0.00980392156862745,0.0,0.01941747572815534,0.0,1.0,0.0,0.05360623781676413,0.01856974550025112,0.1013603959779597,0.03380742322777094,1.0,0.0,0.05360623781676413,0.01856974550025112,0.1013603959779597,0.03380742322777094,0,0.0,1.0,0.0,1.0,0.0,19.666666666666668,0.5773502691896257,2.3333333333333335,0.5773502691896257,0,0.0,0,0.0,2.3333333333333335,0.5773502691896257,278.3333333333333,18.58314648635514,1,0.0,0,0.0,1,0.0,0,0.0,1,0.0,221.33333333333334,14.502873278538061,1,0.0,3546.696226015532,134.68944880705462,132.2074863128364,18.10318234255187,0.0,0.0,3678.9037123283683,119.55182084996513,0.0,0.0,0,0.0,0,0.0,582.3333333333334,29.143323992525858,1883,181.05524018928588,1,0.0,581.3333333333334,29.143323992525858,1300.6666666666667,201.88197872354365,0,0.0,0,0.0,0.0,0.0
fqa,ff,raw,C∪S,1,3,3,0,0,99.33333333333333,7.094598884597588,0.6866752529571772,0.04505465654467699,0.6666666666666666,0.009803921568627472,0.6759657301762564,0.021910864134816202,0.8838596271998334,0.039375368263788624,0.6627680311890838,0.0497362605152946,0.7558099587391665,0.020112607960276446,0.8844285864243351,0.039377529607814286,0.6666666666666666,0.04970760233918131,0.7585796892559992,0.02042045187742855,0,0.0,0.8614091222786875,0.08248362074843102,1.0,0.0,16.666666666666668,2.0816659994661326,2.3333333333333335,0.5773502691896257,0,0.0,3,1.7320508075688772,2.3333333333333335,0.5773502691896257,278.3333333333333,18.58314648635514,1,0.0,184.33333333333334,22.54624876411447,99.33333333333333,7.094598884597588,0,0.0,1,0.0,221.33333333333334,14.502873278538061,1,0.0,3546.696226015532,134.68944880705462,132.2074863128364,18.10318234255187,23.788485986491043,3.1826556965091792,3702.692198314859,122.22034632524498,0.0,0.0,0,0.0,0,0.0,582.3333333333334,29.143323992525858,2068.3333333333335,173.1020893384402,1,0.0,581.3333333333334,29.143323992525858,1300.6666666666667,201.88197872354365,0,0.0,185.33333333333334,22.54624876411447,0.0,0.0
fqa,ff,raw,C∪S,2,3,3,0,0,48.333333333333336,2.309401076758503,0.8909748296481713,0.04657272479340276,0.4215686274509804,0.009803921568627472,0.5721513064584521,0.016002243420683102,0.9679171660823037,0.013905670554635695,0.34405458089668617,0.027168342816308665,0.5070974529428436,0.028302022026335808,0.9679171660823037,0.013905670554635695,0.34405458089668617,0.027168342816308665,0.5070974529428436,0.028302022026335808,0,0.0,0.9848484848484849,0.026243194054073875,1.0,0.0,19.333333333333332,0.5773502691896257,2.3333333333333335,0.5773502691896257,0,0.0,0.3333333333333333,0.5773502691896257,2.3333333333333335,0.5773502691896257,278.3333333333333,18.58314648635514,1,0.0,85.66666666666667,3.7859388972001824,48.333333333333336,2.309401076758503,0,0.0,1,0.0,221.33333333333334,14.502873278538061,1,0.0,3546.696226015532,134.68944880705462,132.2074863128364,18.10318234255187,12.655486333339164,1.3340697859381632,3691.5591986617073,120.82753652471285,0.0,0.0,0,0.0,0,0.0,582.3333333333334,29.143323992525858,1969.6666666666667,177.3649721149397,1,0.0,581.3333333333334,29.143323992525858,1300.6666666666667,201.88197872354365,0,0.0,86.66666666666667,3.7859388972001824,0.0,0.0
fqa,ff,raw,C∪S,3,3,3,0,0,38.666666666666664,1.1547005383792515,0.9574561403508772,0.028107842052652824,0.3627450980392157,0.0,0.5260898725687458,0.004298181078474097,0.9867756704427543,0.005218432151308282,0.2884990253411306,0.014423634100339894,0.44631985422704146,0.017116809030282135,0.9867756704427543,0.005218432151308282,0.2884990253411306,0.014423634100339894,0.44631985422704146,0.017116809030282135,0,0.0,1.0,0.0,1.0,0.0,19.666666666666668,0.5773502691896257,2.3333333333333335,0.5773502691896257,0,0.0,0,0.0,2.3333333333333335,0.5773502691896257,278.3333333333333,18.58314648635514,1,0.0,72,1.0,38.666666666666664,1.1547005383792515,0,0.0,1,0.0,221.33333333333334,14.502873278538061,1,0.0,3546.696226015532,134.68944880705462,132.2074863128364,18.10318234255187,10.166069298672179,0.6828841838336167,3689.0697816270404,120.20565665001327,0.0,0.0,0,0.0,0,0.0,582.3333333333334,29.143323992525858,1956,180.41895687537937,1,0.0,581.3333333333334,29.143323992525858,1300.6666666666667,201.88197872354365,0,0.0,73,1.0,0.0,0.0
fqa,ff,raw,C∪S,5,3,3,0,0,35.666666666666664,1.1547005383792515,0.971943371943372,0.0008916606473971421,0.33986928104575165,0.011320593513522098,0.5035621138125995,0.012491115418060514,0.989083820662768,0.00033763173636816053,0.2651072124756335,0.008440793409205038,0.41809334124360825,0.010489826591874337,0.989083820662768,0.00033763173636816053,0.2651072124756335,0.008440793409205038,0.41809334124360825,0.010489826591874337,0,0.0,1.0,0.0,1.0,0.0,19.666666666666668,0.5773502691896257,2.3333333333333335,0.5773502691896257,0,0.0,0,0.0,2.3333333333333335,0.5773502691896257,278.3333333333333,18.58314648635514,1,0.0,67.33333333333333,2.309401076758503,35.666666666666664,1.1547005383792515,0,0.0,1,0.0,221.33333333333334,14.502873278538061,1,0.0,3546.696226015532,134.68944880705462,132.2074863128364,18.10318234255187,9.245930685816953,0.3044063433758064,3688.149643014185,119.85614138584492,0.0,0.0,0,0.0,0,0.0,582.3333333333334,29.143323992525858,1951.3333333333333,182.83963829906614,1,0.0,581.3333333333334,29.143323992525858,1300.6666666666667,201.88197872354365,0,0.0,68.33333333333333,2.309401076758503,0.0,0.0
fqa,ff,n/a,QuAcq,,3,3,0,0,0,0.0,0.0,0.0,0.0,0.0,0.0,0.0,0.0,0.0,0.0,0.0,0.0,0.0,0.0,0.0,0.0,0.0,0.0,0.0,0,0.0,0.9399899617290921,0.02336142110151757,0.4444444444444444,0.09622504486493764,19.666666666666668,0.5773502691896257,1,0.0,1.3333333333333333,0.5773502691896257,0,0.0,2.3333333333333335,0.5773502691896257,0,0.0,0,0.0,0,0.0,0,0.0,0,0.0,0,0.0,0,0.0,0,0.0,2042.5772636857193,50.73269560092013,0.0,0.0,0.0,0.0,2042.5772636857193,50.73269560092013,0.0,0.0,0,0.0,52.333333333333336,6.027713773341708,,,0,0.0,0,0.0,0,0.0,0,0.0,0,0.0,0,0.0,1.3926741282145183,0.07212196442282834
fqa,rs_1n,n/a,A,,3,3,0,0,224.66666666666666,10.692676621563626,0.41901362580551194,0.019414551105586972,0.9215686274509803,0.0,0.5759140177726316,0.018505135196866047,0.8238097822435172,0.013096242432848838,0.9970760233918129,0.0,0.9021617408874645,0.007840670136772138,0.8238097822435172,0.013096242432848838,0.9970760233918129,0.0,0.9021617408874645,0.007840670136772138,0,0.0,0.854331450094162,0.0693307665437754,1.0,0.0,45.333333333333336,4.041451884327381,5.666666666666667,0.5773502691896257,0,0.0,8.666666666666666,4.041451884327381,5.666666666666667,0.5773502691896257,224.66666666666666,10.692676621563626,0,0.0,0,0.0,224.66666666666666,10.692676621563626,0,0.0,0,0.0,0,0.0,0,0.0,13208.557581781255,623.3749119636441,0.0,0.0,0.0,0.0,13208.557581781255,623.3749119636441,0.0,0.0,0,0.0,0,0.0,652.3333333333334,4.041451884327381,652.3333333333334,4.041451884327381,1,0.0,651.3333333333334,4.041451884327381,0,0.0,0,0.0,0,0.0,0.0,0.0
fqa,rs_1n,reduced,C,,3,3,0,0,1,0.0,1.0,0.0,0.00980392156862745,0.0,0.01941747572815534,0.0,1.0,0.0,0.03216374269005848,0.0,0.06232294617563739,0.0,1.0,0.0,0.03216374269005848,0.0,0.06232294617563739,0.0,0,0.0,1.0,0.0,1.0,0.0,54,0.0,5.666666666666667,0.5773502691896257,0,0.0,0,0.0,5.666666666666667,0.5773502691896257,224.66666666666666,10.692676621563626,1,0.0,0,0.0,1,0.0,0,0.0,1,0.0,222,11.269427669584644,1,0.0,13208.557581781255,623.3749119636441,369.0057780089167,32.55768343737944,0.0,0.0,13577.56335979017,629.527379259839,796.3239033318436,90.94845145263767,164.66666666666666,16.258331197676267,0,0.0,652.3333333333334,4.041451884327381,3202.6666666666665,250.66777482024557,1,0.0,651.3333333333334,4.041451884327381,2550.3333333333335,254.382258291205,0,0.0,0,0.0,0.0,0.0
fqa,rs_1n,reduced,C∪S,1,3,3,0,0,123.33333333333333,8.32666399786453,0.6826639247691879,0.03657235800706068,0.8235294117647058,0.019607843137254888,0.7459277184020076,0.01902717463496703,0.8850171370055877,0.02643412790724375,0.8499025341130604,0.05330412831920202,0.8658963001090921,0.016993029509713216,0.8852399302565179,0.026488641239374902,0.8518518518518519,0.052005152327306445,0.8670521405877925,0.016072282700813588,0,0.0,0.8599811676082862,0.060306820109635006,1.0,0.0,45.666666666666664,3.511884584284246,5.666666666666667,0.5773502691896257,0,0.0,8.333333333333334,3.511884584284246,5.666666666666667,0.5773502691896257,224.66666666666666,10.692676621563626,1,0.0,202.33333333333334,8.144527815247077,123.33333333333333,8.32666399786453,0,0.0,1,0.0,222,11.269427669584644,1,0.0,13208.557581781255,623.3749119636441,369.0057780089167,32.55768343737944,37.69527798673759,3.3111161261941144,13615.25863777691,629.8777869354693,796.3239033318436,90.94845145263767,164.66666666666666,16.258331197676267,0,0.0,652.3333333333334,4.041451884327381,3406,242.5613324501661,1,0.0,651.3333333333334,4.041451884327381,2550.3333333333335,254.382258291205,0,0.0,203.33333333333334,8.144527815247077,0.0,0.0
fqa,rs_1n,reduced,C∪S,2,3,3,0,0,104,9.539392014169456,0.7061752636785588,0.06972454598835225,0.7156862745098039,0.009803921568627416,0.7098804154849223,0.03782355367901143,0.8849948105964148,0.0493248285429071,0.6208576998050682,0.029434052379223193,0.729752302448785,0.03710077092143801,0.8850827118657092,0.04946381717141186,0.621832358674464,0.030990473870535353,0.7304585758181245,0.03822367613383523,0,0.0,0.9047080979284369,0.059743814885461745,1.0,0.0,48.333333333333336,3.511884584284246,5.666666666666667,0.5773502691896257,0,0.0,5.666666666666667,3.511884584284246,5.666666666666667,0.5773502691896257,224.66666666666666,10.692676621563626,1,0.0,168,8.660254037844387,104,9.539392014169456,0,0.0,1,0.0,222,11.269427669584644,1,0.0,13208.557581781255,623.3749119636441,369.0057780089167,32.55768343737944,34.27763902194177,3.6988298630488865,13611.840998812113,629.7350225262412,796.3239033318436,90.94845145263767,164.66666666666666,16.258331197676267,0,0.0,652.3333333333334,4.041451884327381,3371.6666666666665,242.01101903288068,1,0.0,651.3333333333334,4.041451884327381,2550.3333333333335,254.382258291205,0,0.0,169,8.660254037844387,0.0,0.0
fqa,rs_1n,reduced,C∪S,3,3,3,0,0,79.66666666666667,7.571877794400365,0.7678654967841541,0.044590214752280345,0.5980392156862745,0.039215686274509776,0.6713562191290855,0.027343872645694496,0.9130846720772664,0.04067449005881572,0.45419103313840153,0.05200515232730642,0.6047475964295088,0.04379956708294512,0.9132162164077058,0.04074827484839795,0.4551656920077973,0.05306299254899103,0.6056111794964693,0.0449256072670505,0,0.0,0.9325800376647835,0.059039773290012566,1.0,0.0,50,3.4641016151377544,5.666666666666667,0.5773502691896257,0,0.0,4,3.4641016151377544,5.666666666666667,0.5773502691896257,224.66666666666666,10.692676621563626,1,0.0,127.66666666666667,10.066445913694333,79.66666666666667,7.571877794400365,0,0.0,1,0.0,222,11.269427669584644,1,0.0,13208.557581781255,623.3749119636441,369.0057780089167,32.55768343737944,25.957930677880842,1.4453766301112043,13603.521290468052,630.9639817327879,796.3239033318436,90.94845145263767,164.66666666666666,16.258331197676267,0,0.0,652.3333333333334,4.041451884327381,3331.3333333333335,258.97940716074964,1,0.0,651.3333333333334,4.041451884327381,2550.3333333333335,254.382258291205,0,0.0,128.66666666666666,10.066445913694333,0.0,0.0
fqa,rs_1n,reduced,C∪S,5,3,3,0,0,55,6.0,0.8831189107535712,0.05993261971425154,0.4738562091503268,0.02040849019084443,0.6156574257833988,0.007697024283732773,0.9620350036978401,0.024527402911243563,0.341130604288499,0.038606827135162496,0.5027838570291038,0.04195909564098012,0.9621076253390892,0.024564716552472755,0.34210526315789475,0.04019803241189332,0.5037955263126607,0.04364298971035381,0,0.0,0.971939736346516,0.02583060074159747,1.0,0.0,52.333333333333336,1.5275252316519468,5.666666666666667,0.5773502691896257,0,0.0,1.6666666666666667,1.5275252316519468,5.666666666666667,0.5773502691896257,224.66666666666666,10.692676621563626,1,0.0,91.66666666666667,5.8594652770823155,55,6.0,0,0.0,1,0.0,222,11.269427669584644,1,0.0,13208.557581781255,623.3749119636441,369.0057780089167,32.55768343737944,18.477333321546514,2.0642295207088504,13596.040693111718,631.244288286929,796.3239033318436,90.94845145263767,164.66666666666666,16.258331197676267,0,0.0,652.3333333333334,4.041451884327381,3295.3333333333335,252.89984842489196,1,0.0,651.3333333333334,4.041451884327381,2550.3333333333335,254.382258291205,0,0.0,92.66666666666667,5.8594652770823155,0.0,0.0
fqa,rs_1n,raw,C,,3,3,0,0,1,0.0,1.0,0.0,0.00980392156862745,0.0,0.01941747572815534,0.0,1.0,0.0,0.03216374269005848,0.0,0.06232294617563739,0.0,1.0,0.0,0.03216374269005848,0.0,0.06232294617563739,0.0,0,0.0,1.0,0.0,1.0,0.0,54,0.0,5.666666666666667,0.5773502691896257,0,0.0,0,0.0,5.666666666666667,0.5773502691896257,224.66666666666666,10.692676621563626,1,0.0,0,0.0,1,0.0,0,0.0,1,0.0,222,11.269427669584644,1,0.0,13579.112319004102,571.3042042207327,375.0019583579463,39.57487084697783,0.0,0.0,13954.114277362047,585.7951778068845,0.0,0.0,0,0.0,0,0.0,652.3333333333334,4.041451884327381,3202.6666666666665,250.66777482024557,1,0.0,651.3333333333334,4.041451884327381,2550.3333333333335,254.382258291205,0,0.0,0,0.0,0.0,0.0
fqa,rs_1n,raw,C∪S,1,3,3,0,0,123.33333333333333,8.32666399786453,0.6826639247691879,0.03657235800706068,0.8235294117647058,0.019607843137254888,0.7459277184020076,0.01902717463496703,0.8850171370055877,0.02643412790724375,0.8499025341130604,0.05330412831920202,0.8658963001090921,0.016993029509713216,0.8852399302565179,0.026488641239374902,0.8518518518518519,0.052005152327306445,0.8670521405877925,0.016072282700813588,0,0.0,0.8599811676082862,0.060306820109635006,1.0,0.0,45.666666666666664,3.511884584284246,5.666666666666667,0.5773502691896257,0,0.0,8.333333333333334,3.511884584284246,5.666666666666667,0.5773502691896257,224.66666666666666,10.692676621563626,1,0.0,202.33333333333334,8.144527815247077,123.33333333333333,8.32666399786453,0,0.0,1,0.0,222,11.269427669584644,1,0.0,13579.112319004102,571.3042042207327,375.0019583579463,39.57487084697783,38.562513674454145,2.5617150652942358,13992.676791036502,585.3395974946418,0.0,0.0,0,0.0,0,0.0,652.3333333333334,4.041451884327381,3406,242.5613324501661,1,0.0,651.3333333333334,4.041451884327381,2550.3333333333335,254.382258291205,0,0.0,203.33333333333334,8.144527815247077,0.0,0.0
fqa,rs_1n,raw,C∪S,2,3,3,0,0,104,9.539392014169456,0.7061752636785588,0.06972454598835225,0.7156862745098039,0.009803921568627416,0.7098804154849223,0.03782355367901143,0.8849948105964148,0.0493248285429071,0.6208576998050682,0.029434052379223193,0.729752302448785,0.03710077092143801,0.8850827118657092,0.04946381717141186,0.621832358674464,0.030990473870535353,0.7304585758181245,0.03822367613383523,0,0.0,0.9047080979284369,0.059743814885461745,1.0,0.0,48.333333333333336,3.511884584284246,5.666666666666667,0.5773502691896257,0,0.0,5.666666666666667,3.511884584284246,5.666666666666667,0.5773502691896257,224.66666666666666,10.692676621563626,1,0.0,168,8.660254037844387,104,9.539392014169456,0,0.0,1,0.0,222,11.269427669584644,1,0.0,13579.112319004102,571.3042042207327,375.0019583579463,39.57487084697783,35.26263899402693,3.69797502614896,13989.376916356074,584.4383508548228,0.0,0.0,0,0.0,0,0.0,652.3333333333334,4.041451884327381,3371.6666666666665,242.01101903288068,1,0.0,651.3333333333334,4.041451884327381,2550.3333333333335,254.382258291205,0,0.0,169,8.660254037844387,0.0,0.0
fqa,rs_1n,raw,C∪S,3,3,3,0,0,79.66666666666667,7.571877794400365,0.7678654967841541,0.044590214752280345,0.5980392156862745,0.039215686274509776,0.6713562191290855,0.027343872645694496,0.9130846720772664,0.04067449005881572,0.45419103313840153,0.05200515232730642,0.6047475964295088,0.04379956708294512,0.9132162164077058,0.04074827484839795,0.4551656920077973,0.05306299254899103,0.6056111794964693,0.0449256072670505,0,0.0,0.9325800376647835,0.059039773290012566,1.0,0.0,50,3.4641016151377544,5.666666666666667,0.5773502691896257,0,0.0,4,3.4641016151377544,5.666666666666667,0.5773502691896257,224.66666666666666,10.692676621563626,1,0.0,127.66666666666667,10.066445913694333,79.66666666666667,7.571877794400365,0,0.0,1,0.0,222,11.269427669584644,1,0.0,13579.112319004102,571.3042042207327,375.0019583579463,39.57487084697783,26.800458629926045,0.4440236799723777,13980.914735991973,585.6661718950868,0.0,0.0,0,0.0,0,0.0,652.3333333333334,4.041451884327381,3331.3333333333335,258.97940716074964,1,0.0,651.3333333333334,4.041451884327381,2550.3333333333335,254.382258291205,0,0.0,128.66666666666666,10.066445913694333,0.0,0.0
fqa,rs_1n,raw,C∪S,5,3,3,0,0,55,6.0,0.8831189107535712,0.05993261971425154,0.4738562091503268,0.02040849019084443,0.6156574257833988,0.007697024283732773,0.9620350036978401,0.024527402911243563,0.341130604288499,0.038606827135162496,0.5027838570291038,0.04195909564098012,0.9621076253390892,0.024564716552472755,0.34210526315789475,0.04019803241189332,0.5037955263126607,0.04364298971035381,0,0.0,0.971939736346516,0.02583060074159747,1.0,0.0,52.333333333333336,1.5275252316519468,5.666666666666667,0.5773502691896257,0,0.0,1.6666666666666667,1.5275252316519468,5.666666666666667,0.5773502691896257,224.66666666666666,10.692676621563626,1,0.0,91.66666666666667,5.8594652770823155,55,6.0,0,0.0,1,0.0,222,11.269427669584644,1,0.0,13579.112319004102,571.3042042207327,375.0019583579463,39.57487084697783,18.687708633175742,1.9968862229557638,13972.801985995224,587.1175746959677,0.0,0.0,0,0.0,0,0.0,652.3333333333334,4.041451884327381,3295.3333333333335,252.89984842489196,1,0.0,651.3333333333334,4.041451884327381,2550.3333333333335,254.382258291205,0,0.0,92.66666666666667,5.8594652770823155,0.0,0.0
fqa,rs_1n,n/a,QuAcq,,3,3,0,0,1.3333333333333333,0.5773502691896257,1.0,0.0,0.013071895424836602,0.005660296756761037,0.02576549663928305,0.010995094745582865,1.0,0.0,0.005847953216374269,0.0029239766081871343,0.011616705038219245,0.005780208419807275,1.0,0.0,0.005847953216374269,0.0029239766081871343,0.011616705038219245,0.005780208419807275,0,0.0,0.9442561205273069,0.025213084262586387,0.4222222222222222,0.22689530951846817,54,0.0,2.3333333333333335,1.1547005383792515,3.3333333333333335,1.5275252316519468,0,0.0,5.666666666666667,0.5773502691896257,0,0.0,0,0.0,0,0.0,1.3333333333333333,0.5773502691896257,0,0.0,0,0.0,0,0.0,0,0.0,6332.358666346408,445.35832108576227,0.0,0.0,0.0,0.0,6332.358666346408,445.35832108576227,0.0,0.0,0,0.0,144.33333333333334,10.598742063723098,,,0,0.0,0,0.0,0,0.0,0,0.0,0,0.0,0,0.0,2.617306391398112,0.059487672617195946
fqa,rs_2n,n/a,A,,3,3,0,0,216,12.12435565298214,0.43607239442479717,0.02370895426212442,0.9215686274509803,0.0,0.5917560918916824,0.022075880978195454,0.8388263262525145,0.03484148239318232,0.9970760233918129,0.0,0.9108678476343987,0.020786157985292302,0.8388263262525145,0.03484148239318232,0.9970760233918129,0.0,0.9108678476343987,0.020786157985292302,0,0.0,0.9271186440677966,0.0429935707480353,1.0,0.0,99,5.5677643628300215,11.666666666666666,0.5773502691896257,0,0.0,8.666666666666666,5.033222956847166,11.666666666666666,0.5773502691896257,216,12.12435565298214,0,0.0,0,0.0,216,12.12435565298214,0,0.0,0,0.0,0,0.0,0,0.0,45519.0634696628,6422.370176702627,0.0,0.0,0.0,0.0,45519.0634696628,6422.370176702627,0.0,0.0,0,0.0,0,0.0,654.6666666666666,13.576941236277534,654.6666666666666,13.576941236277534,1,0.0,653.6666666666666,13.576941236277534,0,0.0,0,0.0,0,0.0,0.0,0.0
fqa,rs_2n,reduced,C,,3,3,0,0,1.6666666666666667,0.5773502691896257,0.8333333333333334,0.28867513459481287,0.013071895424836602,0.005660296756761037,0.025703261140154345,0.011049386633929043,0.8823529411764706,0.2037706832433973,0.06140350877192982,0.027892959105758643,0.11448359350237326,0.05031030088033233,0.8823529411764706,0.2037706832433973,0.06140350877192982,0.027892959105758643,0.11448359350237326,0.05031030088033233,0,0.0,0.9888888888888889,0.012729376930432905,0.9166666666666666,0.08333333333333331,107.33333333333333,0.5773502691896257,10.666666666666666,0.5773502691896257,1,1.0,0.3333333333333333,0.5773502691896257,11.666666666666666,0.5773502691896257,216,12.12435565298214,1.6666666666666667,0.5773502691896257,0,0.0,1.6666666666666667,0.5773502691896257,0,0.0,1,0.0,215.66666666666666,12.42309676905615,1,0.0,45519.0634696628,6422.370176702627,1187.3392363389332,88.37111286385301,0.0,0.0,46706.40270600173,6478.341859151279,3196.300874619434,236.5225734606923,343.3333333333333,17.616280348965084,0,0.0,654.6666666666666,13.576941236277534,5699.333333333333,398.0833246109831,1,0.0,653.6666666666666,13.576941236277534,5044.666666666667,411.6507419322032,0,0.0,0,0.0,0.0,0.0
fqa,rs_2n,reduced,C∪S,1,3,3,0,0,133.33333333333334,3.0550504633038935,0.6702229801220144,0.015151713838220796,0.8758169934640523,0.005660296756761017,0.75928413446033,0.010116440315274013,0.8810033761152705,0.007738319360151916,0.9590643274853802,0.007736114944633295,0.9183422499698604,0.003321709672105553,0.8810033761152705,0.007738319360151916,0.9590643274853802,0.007736114944633295,0.9183422499698604,0.003321709672105553,0,0.0,0.9355932203389831,0.030007393728563835,1.0,0.0,100,4.0,11.666666666666666,0.5773502691896257,0,0.0,7.666666666666667,3.511884584284246,11.666666666666666,0.5773502691896257,216,12.12435565298214,1.6666666666666667,0.5773502691896257,203.66666666666666,3.2145502536643185,133.33333333333334,3.0550504633038935,0,0.0,1,0.0,215.66666666666666,12.42309676905615,1,0.0,45519.0634696628,6422.370176702627,1187.3392363389332,88.37111286385301,58.75830567674711,4.55527895816638,46765.16101167848,6481.71177477447,3196.300874619434,236.5225734606923,343.3333333333333,17.616280348965084,0,0.0,654.6666666666666,13.576941236277534,5904.666666666667,395.1965755587127,1,0.0,653.6666666666666,13.576941236277534,5044.666666666667,411.6507419322032,0,0.0,205.33333333333334,2.8867513459481287,0.0,0.0
fqa,rs_2n,reduced,C∪S,2,3,3,0,0,127.66666666666667,4.725815626252609,0.6582338462644065,0.011377270595953889,0.8235294117647058,0.016980890270283114,0.7314994477973004,0.0032415778986761897,0.8655513078746523,0.012001773513802135,0.8284600389863548,0.03220801489640994,0.846429420622969,0.019907681694413502,0.8655513078746523,0.012001773513802135,0.8284600389863548,0.03220801489640994,0.846429420622969,0.019907681694413502,0,0.0,0.9355932203389831,0.030007393728563835,1.0,0.0,100,4.0,11.666666666666666,0.5773502691896257,0,0.0,7.666666666666667,3.511884584284246,11.666666666666666,0.5773502691896257,216,12.12435565298214,1.6666666666666667,0.5773502691896257,192.66666666666666,6.3508529610858835,127.66666666666667,4.725815626252609,0,0.0,1,0.0,215.66666666666666,12.42309676905615,1,0.0,45519.0634696628,6422.370176702627,1187.3392363389332,88.37111286385301,62.65195831656456,7.358561577913861,46769.0546643183,6481.865658084394,3196.300874619434,236.5225734606923,343.3333333333333,17.616280348965084,0,0.0,654.6666666666666,13.576941236277534,5893.666666666667,395.23452953067414,1,0.0,653.6666666666666,13.576941236277534,5044.666666666667,411.6507419322032,0,0.0,194.33333333333334,5.773502691896257,0.0,0.0
fqa,rs_2n,reduced,C∪S,3,3,3,0,0,119.33333333333333,8.504900548115382,0.6490478792868498,0.023244670511044892,0.7581699346405228,0.031515198565336404,0.6987853278764989,0.009528660719645712,0.8578832304740974,0.006050462805707384,0.7475633528265108,0.03488407440189725,0.7986804885666134,0.021078350997334058,0.8578832304740974,0.006050462805707384,0.7475633528265108,0.03488407440189725,0.7986804885666134,0.021078350997334058,0,0.0,0.9384180790960452,0.026080652853296703,1.0,0.0,100.33333333333333,3.511884584284246,11.666666666666666,0.5773502691896257,0,0.0,7.333333333333333,3.0550504633038935,11.666666666666666,0.5773502691896257,216,12.12435565298214,1.6666666666666667,0.5773502691896257,179.33333333333334,12.503332889007368,119.33333333333333,8.504900548115382,0,0.0,1,0.0,215.66666666666666,12.42309676905615,1,0.0,45519.0634696628,6422.370176702627,1187.3392363389332,88.37111286385301,55.45280534230793,7.515497796749106,46761.85551134404,6485.703148180776,3196.300874619434,236.5225734606923,343.3333333333333,17.616280348965084,0,0.0,654.6666666666666,13.576941236277534,5880.333333333333,387.74519124462824,1,0.0,653.6666666666666,13.576941236277534,5044.666666666667,411.6507419322032,0,0.0,181,12.0,0.0,0.0
fqa,rs_2n,reduced,C∪S,5,3,3,0,0,88.33333333333333,2.0816659994661326,0.7772871120401823,0.0177280510787192,0.673202614379085,0.024672661553172357,0.7214443856522224,0.020795247774376212,0.9188762094677363,0.00897547224927426,0.6198830409356725,0.028797829829813174,0.7401653182126252,0.023190435462847627,0.9188762094677363,0.00897547224927426,0.6198830409356725,0.028797829829813174,0.7401653182126252,0.023190435462847627,0,0.0,0.963653483992467,0.01746469545288631,1.0,0.0,103.33333333333333,2.309401076758503,11.666666666666666,0.5773502691896257,0,0.0,4.333333333333333,2.0816659994661326,11.666666666666666,0.5773502691896257,216,12.12435565298214,1.6666666666666667,0.5773502691896257,135.33333333333334,2.0816659994661326,88.33333333333333,2.0816659994661326,0,0.0,1,0.0,215.66666666666666,12.42309676905615,1,0.0,45519.0634696628,6422.370176702627,1187.3392363389332,88.37111286385301,39.93095833963404,1.4009087573262806,46746.333664341364,6477.702992151848,3196.300874619434,236.5225734606923,343.3333333333333,17.616280348965084,0,0.0,654.6666666666666,13.576941236277534,5836.333333333333,398.9540491501914,1,0.0,653.6666666666666,13.576941236277534,5044.666666666667,411.6507419322032,0,0.0,137,2.6457513110645907,0.0,0.0
fqa,rs_2n,raw,C,,3,3,0,0,1.6666666666666667,0.5773502691896257,0.8333333333333334,0.28867513459481287,0.013071895424836602,0.005660296756761037,0.025703261140154345,0.011049386633929043,0.8823529411764706,0.2037706832433973,0.06140350877192982,0.027892959105758643,0.11448359350237326,0.05031030088033233,0.8823529411764706,0.2037706832433973,0.06140350877192982,0.027892959105758643,0.11448359350237326,0.05031030088033233,0,0.0,0.9888888888888889,0.012729376930432905,0.9166666666666666,0.08333333333333331,107.33333333333333,0.5773502691896257,10.666666666666666,0.5773502691896257,1,1.0,0.3333333333333333,0.5773502691896257,11.666666666666666,0.5773502691896257,216,12.12435565298214,1.6666666666666667,0.5773502691896257,0,0.0,1.6666666666666667,0.5773502691896257,0,0.0,1,0.0,215.66666666666666,12.42309676905615,1,0.0,43216.70566893105,4512.879102504683,1111.5600136690773,64.40275120543035,0.0,0.0,44328.265682600126,4452.269980261969,0.0,0.0,0,0.0,0,0.0,654.6666666666666,13.576941236277534,5699.333333333333,398.0833246109831,1,0.0,653.6666666666666,13.576941236277534,5044.666666666667,411.6507419322032,0,0.0,0,0.0,0.0,0.0
fqa,rs_2n,raw,C∪S,1,3,3,0,0,133.33333333333334,3.0550504633038935,0.6702229801220144,0.015151713838220796,0.8758169934640523,0.005660296756761017,0.75928413446033,0.010116440315274013,0.8810033761152705,0.007738319360151916,0.9590643274853802,0.007736114944633295,0.9183422499698604,0.003321709672105553,0.8810033761152705,0.007738319360151916,0.9590643274853802,0.007736114944633295,0.9183422499698604,0.003321709672105553,0,0.0,0.9355932203389831,0.030007393728563835,1.0,0.0,100,4.0,11.666666666666666,0.5773502691896257,0,0.0,7.666666666666667,3.511884584284246,11.666666666666666,0.5773502691896257,216,12.12435565298214,1.6666666666666667,0.5773502691896257,203.66666666666666,3.2145502536643185,133.33333333333334,3.0550504633038935,0,0.0,1,0.0,215.66666666666666,12.42309676905615,1,0.0,43216.70566893105,4512.879102504683,1111.5600136690773,64.40275120543035,57.10652800432096,2.9706649883824183,44385.37221060445,4453.766066581153,0.0,0.0,0,0.0,0,0.0,654.6666666666666,13.576941236277534,5904.666666666667,395.1965755587127,1,0.0,653.6666666666666,13.576941236277534,5044.666666666667,411.6507419322032,0,0.0,205.33333333333334,2.8867513459481287,0.0,0.0
fqa,rs_2n,raw,C∪S,2,3,3,0,0,127.66666666666667,4.725815626252609,0.6582338462644065,0.011377270595953889,0.8235294117647058,0.016980890270283114,0.7314994477973004,0.0032415778986761897,0.8655513078746523,0.012001773513802135,0.8284600389863548,0.03220801489640994,0.846429420622969,0.019907681694413502,0.8655513078746523,0.012001773513802135,0.8284600389863548,0.03220801489640994,0.846429420622969,0.019907681694413502,0,0.0,0.9355932203389831,0.030007393728563835,1.0,0.0,100,4.0,11.666666666666666,0.5773502691896257,0,0.0,7.666666666666667,3.511884584284246,11.666666666666666,0.5773502691896257,216,12.12435565298214,1.6666666666666667,0.5773502691896257,192.66666666666666,6.3508529610858835,127.66666666666667,4.725815626252609,0,0.0,1,0.0,215.66666666666666,12.42309676905615,1,0.0,43216.70566893105,4512.879102504683,1111.5600136690773,64.40275120543035,57.305499988918505,2.3110080356037117,44385.57118258905,4454.540052299549,0.0,0.0,0,0.0,0,0.0,654.6666666666666,13.576941236277534,5893.666666666667,395.23452953067414,1,0.0,653.6666666666666,13.576941236277534,5044.666666666667,411.6507419322032,0,0.0,194.33333333333334,5.773502691896257,0.0,0.0
fqa,rs_2n,raw,C∪S,3,3,3,0,0,119.33333333333333,8.504900548115382,0.6490478792868498,0.023244670511044892,0.7581699346405228,0.031515198565336404,0.6987853278764989,0.009528660719645712,0.8578832304740974,0.006050462805707384,0.7475633528265108,0.03488407440189725,0.7986804885666134,0.021078350997334058,0.8578832304740974,0.006050462805707384,0.7475633528265108,0.03488407440189725,0.7986804885666134,0.021078350997334058,0,0.0,0.9384180790960452,0.026080652853296703,1.0,0.0,100.33333333333333,3.511884584284246,11.666666666666666,0.5773502691896257,0,0.0,7.333333333333333,3.0550504633038935,11.666666666666666,0.5773502691896257,216,12.12435565298214,1.6666666666666667,0.5773502691896257,179.33333333333334,12.503332889007368,119.33333333333333,8.504900548115382,0,0.0,1,0.0,215.66666666666666,12.42309676905615,1,0.0,43216.70566893105,4512.879102504683,1111.5600136690773,64.40275120543035,53.760971990413964,4.713197022237805,44382.02665459054,4456.820258416729,0.0,0.0,0,0.0,0,0.0,654.6666666666666,13.576941236277534,5880.333333333333,387.74519124462824,1,0.0,653.6666666666666,13.576941236277534,5044.666666666667,411.6507419322032,0,0.0,181,12.0,0.0,0.0
fqa,rs_2n,raw,C∪S,5,3,3,0,0,88.33333333333333,2.0816659994661326,0.7772871120401823,0.0177280510787192,0.673202614379085,0.024672661553172357,0.7214443856522224,0.020795247774376212,0.9188762094677363,0.00897547224927426,0.6198830409356725,0.028797829829813174,0.7401653182126252,0.023190435462847627,0.9188762094677363,0.00897547224927426,0.6198830409356725,0.028797829829813174,0.7401653182126252,0.023190435462847627,0,0.0,0.963653483992467,0.01746469545288631,1.0,0.0,103.33333333333333,2.309401076758503,11.666666666666666,0.5773502691896257,0,0.0,4.333333333333333,2.0816659994661326,11.666666666666666,0.5773502691896257,216,12.12435565298214,1.6666666666666667,0.5773502691896257,135.33333333333334,2.0816659994661326,88.33333333333333,2.0816659994661326,0,0.0,1,0.0,215.66666666666666,12.42309676905615,1,0.0,43216.70566893105,4512.879102504683,1111.5600136690773,64.40275120543035,43.14641666132957,6.768069592153714,44371.412099261455,4451.352811851129,0.0,0.0,0,0.0,0,0.0,654.6666666666666,13.576941236277534,5836.333333333333,398.9540491501914,1,0.0,653.6666666666666,13.576941236277534,5044.666666666667,411.6507419322032,0,0.0,137,2.6457513110645907,0.0,0.0
fqa,rs_2n,n/a,QuAcq,,3,3,0,0,2.6666666666666665,0.5773502691896257,0.7222222222222222,0.2545875386086578,0.0196078431372549,0.00980392156862745,0.03815628815628816,0.018956117687858355,1.0,0.0,0.009746588693957114,0.0033763173636820218,0.019290227181072726,0.006635763948879287,1.0,0.0,0.009746588693957114,0.0033763173636820218,0.019290227181072726,0.006635763948879287,0,0.0,0.975,0.03632415786283894,0.75,0.36324157862838946,107.66666666666667,0.5773502691896257,8.666666666666666,4.041451884327381,3,4.358898943540674,0,0.0,11.666666666666666,0.5773502691896257,0,0.0,0,0.0,0,0.0,2.6666666666666665,0.5773502691896257,0,0.0,0,0.0,0,0.0,0,0.0,11337.91830598299,635.9641674993229,0.0,0.0,0.0,0.0,11337.91830598299,635.9641674993229,0.0,0.0,0,0.0,164,43.71498598878879,,,0,0.0,0,0.0,0,0.0,0,0.0,0,0.0,0,0.0,3.5432325998942056,0.23262394662023228
fqa,rs_3n,n/a,A,,3,3,0,0,201.33333333333334,0.5773502691896257,0.4668899725793475,0.0013366564529782717,0.9215686274509803,0.0,0.6197817150136066,0.0011783681888097707,0.8872519841269841,0.0013316858887558766,0.9970760233918129,0.0,0.9389632223194809,0.0007460238566495194,0.8872519841269841,0.0013316858887558766,0.9970760233918129,0.0,0.9389632223194809,0.0007460238566495194,0,0.0,0.9664694039340954,0.0056662638180196125,1.0,0.0,155.33333333333334,1.5275252316519468,17.666666666666668,0.5773502691896257,0,0.0,6,1.0,17.666666666666668,0.5773502691896257,201.33333333333334,0.5773502691896257,0,0.0,0,0.0,201.33333333333334,0.5773502691896257,0,0.0,0,0.0,0,0.0,0,0.0,76402.3117730588,2359.002663108326,0.0,0.0,0.0,0.0,76402.3117730588,2359.002663108326,0.0,0.0,0,0.0,0,0.0,672.6666666666666,4.041451884327381,672.6666666666666,4.041451884327381,1,0.0,671.6666666666666,4.041451884327381,0,0.0,0,0.0,0,0.0,0.0,0.0
fqa,rs_3n,reduced,C,,3,3,0,0,1.6666666666666667,0.5773502691896257,1.0,0.0,0.016339869281045753,0.005660296756761037,0.03211351755041075,0.010995094745582865,1.0,0.0,0.07017543859649122,0.010128952091046065,0.131036531036531,0.017593150465950575,1.0,0.0,0.07017543859649122,0.010128952091046065,0.131036531036531,0.017593150465950575,0,0.0,0.9981481481481481,0.0032075014954979094,0.9814814814814815,0.03207501495497923,161.33333333333334,0.5773502691896257,17.333333333333332,0.5773502691896257,0.3333333333333333,0.5773502691896257,0,0.0,17.666666666666668,0.5773502691896257,201.33333333333334,0.5773502691896257,1.6666666666666667,0.5773502691896257,0,0.0,1.6666666666666667,0.5773502691896257,0,0.0,1,0.0,201.33333333333334,0.5773502691896257,1,0.0,76402.3117730588,2359.002663108326,2008.0241389999476,84.82897064594799,0.0,0.0,78410.33591205876,2434.9715315648814,6113.01443145688,153.07087772701917,520.6666666666666,18.175074506954115,0,0.0,672.6666666666666,4.041451884327381,7786.666666666667,136.31336447074196,1,0.0,671.6666666666666,4.041451884327381,7114,136.8320137979413,0,0.0,0,0.0,0.0,0.0
fqa,rs_3n,reduced,C∪S,1,3,3,0,0,136,1.0,0.6838121325848534,0.0023249736398713067,0.9117647058823529,0.009803921568627416,0.7814982639066608,0.005119800386300757,0.9069148936170213,0.0,0.9970760233918129,0.0,0.9498607242339834,0.0,0.9069148936170213,0.0,0.9970760233918129,0.0,0.9498607242339834,0.0,0,0.0,0.9664694039340954,0.0056662638180196125,1.0,0.0,155.33333333333334,1.5275252316519468,17.666666666666668,0.5773502691896257,0,0.0,6,1.0,17.666666666666668,0.5773502691896257,201.33333333333334,0.5773502691896257,1.6666666666666667,0.5773502691896257,199.66666666666666,0.5773502691896257,136,1.0,0,0.0,1,0.0,201.33333333333334,0.5773502691896257,1,0.0,76402.3117730588,2359.002663108326,2008.0241389999476,84.82897064594799,67.73606934196626,1.183328320748639,78478.07198140072,2436.1544045800365,6113.01443145688,153.07087772701917,520.6666666666666,18.175074506954115,0,0.0,672.6666666666666,4.041451884327381,7988,136.89046716261873,1,0.0,671.6666666666666,4.041451884327381,7114,136.8320137979413,0,0.0,201.33333333333334,0.5773502691896257,0.0,0.0
fqa,rs_3n,reduced,C∪S,2,3,3,0,0,133.66666666666666,1.5275252316519468,0.6782761277786153,0.0036899336054140542,0.888888888888889,0.014975737565215171,0.7694138364595348,0.007992582787722404,0.9009172173054802,0.0019755322473486094,0.9307992202729045,0.020537336750200298,0.9155541200114843,0.010970471091303023,0.9009172173054802,0.0019755322473486094,0.9307992202729045,0.020537336750200298,0.9155541200114843,0.010970471091303023,0,0.0,0.9664694039340954,0.0056662638180196125,1.0,0.0,155.33333333333334,1.5275252316519468,17.666666666666668,0.5773502691896257,0,0.0,6,1.0,17.666666666666668,0.5773502691896257,201.33333333333334,0.5773502691896257,1.6666666666666667,0.5773502691896257,194.66666666666666,3.0550504633038935,133.66666666666666,1.5275252316519468,0,0.0,1,0.0,201.33333333333334,0.5773502691896257,1,0.0,76402.3117730588,2359.002663108326,2008.0241389999476,84.82897064594799,70.55594430615504,1.5995086174670716,78480.8918563649,2436.301498987204,6113.01443145688,153.07087772701917,520.6666666666666,18.175074506954115,0,0.0,672.6666666666666,4.041451884327381,7983,139.5026881461429,1,0.0,671.6666666666666,4.041451884327381,7114,136.8320137979413,0,0.0,196.33333333333334,3.2145502536643185,0.0,0.0
fqa,rs_3n,reduced,C∪S,3,3,3,0,0,130.66666666666666,2.309401076758503,0.6708491161616161,0.005877382001693608,0.8594771241830066,0.02264118702704413,0.75349931871671,0.012443818510961775,0.8944436766783367,0.002143315728724225,0.8674463937621832,0.01946879566806838,0.8806787990850945,0.011124952513507001,0.8944436766783367,0.002143315728724225,0.8674463937621832,0.01946879566806838,0.8806787990850945,0.011124952513507001,0,0.0,0.9664694039340954,0.0056662638180196125,1.0,0.0,155.33333333333334,1.5275252316519468,17.666666666666668,0.5773502691896257,0,0.0,6,1.0,17.666666666666668,0.5773502691896257,201.33333333333334,0.5773502691896257,1.6666666666666667,0.5773502691896257,189.33333333333334,3.0550504633038935,130.66666666666666,2.309401076758503,0,0.0,1,0.0,201.33333333333334,0.5773502691896257,1,0.0,76402.3117730588,2359.002663108326,2008.0241389999476,84.82897064594799,69.53111133771017,1.1063997869051465,78479.86702339647,2436.0711055147276,6113.01443145688,153.07087772701917,520.6666666666666,18.175074506954115,0,0.0,672.6666666666666,4.041451884327381,7977.666666666667,138.96162539828518,1,0.0,671.6666666666666,4.041451884327381,7114,136.8320137979413,0,0.0,191,3.0,0.0,0.0
fqa,rs_3n,reduced,C∪S,5,3,3,0,0,102,7.0,0.7555034884931792,0.02819282722534809,0.7549019607843137,0.04492721269564544,0.7546294789445207,0.02751528063451029,0.9286253410050759,0.009864561783989813,0.7066276803118908,0.0320750149549792,0.8021649146349054,0.01735197856323158,0.9286253410050759,0.009864561783989813,0.7066276803118908,0.0320750149549792,0.8021649146349054,0.01735197856323158,0,0.0,0.9739079642067527,0.008602238316599098,1.0,0.0,156.66666666666666,2.0816659994661326,17.666666666666668,0.5773502691896257,0,0.0,4.666666666666667,1.5275252316519468,17.666666666666668,0.5773502691896257,201.33333333333334,0.5773502691896257,1.6666666666666667,0.5773502691896257,152,9.848857801796104,102,7.0,0,0.0,1,0.0,201.33333333333334,0.5773502691896257,1,0.0,76402.3117730588,2359.002663108326,2008.0241389999476,84.82897064594799,54.68000002050152,2.500402814542794,78465.01591207925,2432.486676729445,6113.01443145688,153.07087772701917,520.6666666666666,18.175074506954115,0,0.0,672.6666666666666,4.041451884327381,7940.333333333333,134.57463852202366,1,0.0,671.6666666666666,4.041451884327381,7114,136.8320137979413,0,0.0,153.66666666666666,9.29157324317757,0.0,0.0
fqa,rs_3n,raw,C,,3,3,0,0,1.6666666666666667,0.5773502691896257,1.0,0.0,0.016339869281045753,0.005660296756761037,0.03211351755041075,0.010995094745582865,1.0,0.0,0.07017543859649122,0.010128952091046065,0.131036531036531,0.017593150465950575,1.0,0.0,0.07017543859649122,0.010128952091046065,0.131036531036531,0.017593150465950575,0,0.0,0.9981481481481481,0.0032075014954979094,0.9814814814814815,0.03207501495497923,161.33333333333334,0.5773502691896257,17.333333333333332,0.5773502691896257,0.3333333333333333,0.5773502691896257,0,0.0,17.666666666666668,0.5773502691896257,201.33333333333334,0.5773502691896257,1.6666666666666667,0.5773502691896257,0,0.0,1.6666666666666667,0.5773502691896257,0,0.0,1,0.0,201.33333333333334,0.5773502691896257,1,0.0,75386.80291862693,2102.604102345592,1968.4862086432986,45.02542112392622,0.0,0.0,77355.28912727023,2147.5048222989185,0.0,0.0,0,0.0,0,0.0,672.6666666666666,4.041451884327381,7786.666666666667,136.31336447074196,1,0.0,671.6666666666666,4.041451884327381,7114,136.8320137979413,0,0.0,0,0.0,0.0,0.0
fqa,rs_3n,raw,C∪S,1,3,3,0,0,136,1.0,0.6838121325848534,0.0023249736398713067,0.9117647058823529,0.009803921568627416,0.7814982639066608,0.005119800386300757,0.9069148936170213,0.0,0.9970760233918129,0.0,0.9498607242339834,0.0,0.9069148936170213,0.0,0.9970760233918129,0.0,0.9498607242339834,0.0,0,0.0,0.9664694039340954,0.0056662638180196125,1.0,0.0,155.33333333333334,1.5275252316519468,17.666666666666668,0.5773502691896257,0,0.0,6,1.0,17.666666666666668,0.5773502691896257,201.33333333333334,0.5773502691896257,1.6666666666666667,0.5773502691896257,199.66666666666666,0.5773502691896257,136,1.0,0,0.0,1,0.0,201.33333333333334,0.5773502691896257,1,0.0,75386.80291862693,2102.604102345592,1968.4862086432986,45.02542112392622,67.4581109972981,0.9057987030166041,77422.74723826752,2148.372493297674,0.0,0.0,0,0.0,0,0.0,672.6666666666666,4.041451884327381,7988,136.89046716261873,1,0.0,671.6666666666666,4.041451884327381,7114,136.8320137979413,0,0.0,201.33333333333334,0.5773502691896257,0.0,0.0
fqa,rs_3n,raw,C∪S,2,3,3,0,0,133.66666666666666,1.5275252316519468,0.6782761277786153,0.0036899336054140542,0.888888888888889,0.014975737565215171,0.7694138364595348,0.007992582787722404,0.9009172173054802,0.0019755322473486094,0.9307992202729045,0.020537336750200298,0.9155541200114843,0.010970471091303023,0.9009172173054802,0.0019755322473486094,0.9307992202729045,0.020537336750200298,0.9155541200114843,0.010970471091303023,0,0.0,0.9664694039340954,0.0056662638180196125,1.0,0.0,155.33333333333334,1.5275252316519468,17.666666666666668,0.5773502691896257,0,0.0,6,1.0,17.666666666666668,0.5773502691896257,201.33333333333334,0.5773502691896257,1.6666666666666667,0.5773502691896257,194.66666666666666,3.0550504633038935,133.66666666666666,1.5275252316519468,0,0.0,1,0.0,201.33333333333334,0.5773502691896257,1,0.0,75386.80291862693,2102.604102345592,1968.4862086432986,45.02542112392622,69.81868034927174,1.7253763043679091,77425.1078076195,2148.9298415456046,0.0,0.0,0,0.0,0,0.0,672.6666666666666,4.041451884327381,7983,139.5026881461429,1,0.0,671.6666666666666,4.041451884327381,7114,136.8320137979413,0,0.0,196.33333333333334,3.2145502536643185,0.0,0.0
fqa,rs_3n,raw,C∪S,3,3,3,0,0,130.66666666666666,2.309401076758503,0.6708491161616161,0.005877382001693608,0.8594771241830066,0.02264118702704413,0.75349931871671,0.012443818510961775,0.8944436766783367,0.002143315728724225,0.8674463937621832,0.01946879566806838,0.8806787990850945,0.011124952513507001,0.8944436766783367,0.002143315728724225,0.8674463937621832,0.01946879566806838,0.8806787990850945,0.011124952513507001,0,0.0,0.9664694039340954,0.0056662638180196125,1.0,0.0,155.33333333333334,1.5275252316519468,17.666666666666668,0.5773502691896257,0,0.0,6,1.0,17.666666666666668,0.5773502691896257,201.33333333333334,0.5773502691896257,1.6666666666666667,0.5773502691896257,189.33333333333334,3.0550504633038935,130.66666666666666,2.309401076758503,0,0.0,1,0.0,201.33333333333334,0.5773502691896257,1,0.0,75386.80291862693,2102.604102345592,1968.4862086432986,45.02542112392622,68.96426433619733,0.7509119167403218,77424.25339160643,2148.2501072335876,0.0,0.0,0,0.0,0,0.0,672.6666666666666,4.041451884327381,7977.666666666667,138.96162539828518,1,0.0,671.6666666666666,4.041451884327381,7114,136.8320137979413,0,0.0,191,3.0,0.0,0.0
fqa,rs_3n,raw,C∪S,5,3,3,0,0,102,7.0,0.7555034884931792,0.02819282722534809,0.7549019607843137,0.04492721269564544,0.7546294789445207,0.02751528063451029,0.9286253410050759,0.009864561783989813,0.7066276803118908,0.0320750149549792,0.8021649146349054,0.01735197856323158,0.9286253410050759,0.009864561783989813,0.7066276803118908,0.0320750149549792,0.8021649146349054,0.01735197856323158,0,0.0,0.9739079642067527,0.008602238316599098,1.0,0.0,156.66666666666666,2.0816659994661326,17.666666666666668,0.5773502691896257,0,0.0,4.666666666666667,1.5275252316519468,17.666666666666668,0.5773502691896257,201.33333333333334,0.5773502691896257,1.6666666666666667,0.5773502691896257,152,9.848857801796104,102,7.0,0,0.0,1,0.0,201.33333333333334,0.5773502691896257,1,0.0,75386.80291862693,2102.604102345592,1968.4862086432986,45.02542112392622,54.90768066374585,3.8380508566044793,77410.19680793397,2143.966922736149,0.0,0.0,0,0.0,0,0.0,672.6666666666666,4.041451884327381,7940.333333333333,134.57463852202366,1,0.0,671.6666666666666,4.041451884327381,7114,136.8320137979413,0,0.0,153.66666666666666,9.29157324317757,0.0,0.0
fqa,rs_3n,n/a,QuAcq,,3,3,0,0,1.6666666666666667,0.5773502691896257,1.0,0.0,0.016339869281045753,0.005660296756761037,0.03211351755041075,0.010995094745582865,1.0,0.0,0.00682261208576998,0.0033763173636820218,0.013537837495246546,0.006674400373950295,1.0,0.0,0.00682261208576998,0.0033763173636820218,0.013537837495246546,0.006674400373950295,0,0.0,0.9776221296935628,0.01677549253668856,0.7734204793028322,0.1668374536121223,161.33333333333334,0.5773502691896257,13.666666666666666,3.0550504633038935,4,3.0,0,0.0,17.666666666666668,0.5773502691896257,0,0.0,0,0.0,0,0.0,1.6666666666666667,0.5773502691896257,0,0.0,0,0.0,0,0.0,0,0.0,16417.56174963666,480.6735988380965,0.0,0.0,0.0,0.0,16417.56174963666,480.6735988380965,0.0,0.0,0,0.0,239.33333333333334,37.554404979087785,,,0,0.0,0,0.0,0,0.0,0,0.0,0,0.0,0,0.0,4.749099095662435,0.13353814711405596
fqa,rs_m,n/a,A,,3,3,0,1,344.3333333333333,15.044378795195676,0.2733479838032007,0.01224615721523225,0.9215686274509803,0.0,0.42153535209412785,0.01448513038719886,0.6242968041608942,0.02218215974509278,0.9970760233918129,0.0,0.7676804961610727,0.016665760285809236,0.6242968041608942,0.02218215974509278,0.9970760233918129,0.0,0.7676804961610727,0.016665760285809236,0,0.0,0.3666666666666667,0.15275252316519466,1.0,0.0,1.6666666666666667,0.5773502691896257,0.3333333333333333,0.5773502691896257,0,0.0,3.3333333333333335,0.5773502691896257,0.3333333333333333,0.5773502691896257,344.3333333333333,15.044378795195676,0,0.0,0,0.0,344.3333333333333,15.044378795195676,0,0.0,0,0.0,0,0.0,0,0.0,748.8974703204198,95.98885025009453,0.0,0.0,0.0,0.0,748.8974703204198,95.98885025009453,0.0,0.0,0,0.0,0,0.0,456,37.64306044943742,456,37.64306044943742,1,0.0,455,37.64306044943742,0,0.0,0,0.0,0,0.0,0.0,0.0
fqa,rs_m,reduced,C,,3,3,0,1,0.6666666666666666,0.5773502691896257,0.6666666666666666,0.5773502691896257,0.006535947712418301,0.005660296756761037,0.012944983818770227,0.011210684838633512,0.6666666666666666,0.5773502691896257,0.011695906432748537,0.010128952091046065,0.022988505747126436,0.01990862997205606,0.6666666666666666,0.5773502691896257,0.011695906432748537,0.010128952091046065,0.022988505747126436,0.01990862997205606,0,0.0,1.0,0.0,1.0,0.0,5,0.0,0.3333333333333333,0.5773502691896257,0,0.0,0,0.0,0.3333333333333333,0.5773502691896257,344.3333333333333,15.044378795195676,0.6666666666666666,0.5773502691896257,0,0.0,0.6666666666666666,0.5773502691896257,0,0.0,0.6666666666666666,0.5773502691896257,89.33333333333333,77.42308010750627,0.6666666666666666,0.5773502691896257,748.8974703204198,95.98885025009453,17.543152983610828,15.207136085920443,0.0,0.0,766.4406233040305,89.25315053149632,19.93831932001437,17.424268815036076,10.666666666666666,9.237604307034012,0,0.0,456,37.64306044943742,691.3333333333334,168.6900510798824,1,0.0,455,37.64306044943742,235.33333333333334,203.80709833892766,0,0.0,0,0.0,0.0,0.0
fqa,rs_m,reduced,C∪S,1,3,3,0,1,50.333333333333336,5.773502691896257,0.7821326365559288,0.008835894377295544,0.38562091503267976,0.03962207729732728,0.5155825700336274,0.0328020540428533,0.913571007028274,0.004623020720933155,0.26705653021442494,0.019468795668068407,0.41300673688220224,0.022606025679917582,0.9138490164805954,0.004143917992788749,0.2680311890838207,0.021152567655176115,0.4141578988362996,0.024593891856097633,0,0.0,0.5555555555555556,0.13877773329774215,1.0,0.0,2.6666666666666665,0.5773502691896257,0.3333333333333333,0.5773502691896257,0,0.0,2.3333333333333335,0.5773502691896257,0.3333333333333333,0.5773502691896257,344.3333333333333,15.044378795195676,0.6666666666666666,0.5773502691896257,94.33333333333333,13.79613472438325,50.333333333333336,5.773502691896257,0,0.0,0.6666666666666666,0.5773502691896257,89.33333333333333,77.42308010750627,0.6666666666666666,0.5773502691896257,748.8974703204198,95.98885025009453,17.543152983610828,15.207136085920443,9.049944676614055,0.8830456179987338,775.4905679806446,89.90528075756548,19.93831932001437,17.424268815036076,10.666666666666666,9.237604307034012,0,0.0,456,37.64306044943742,786.3333333333334,155.93695307185317,1,0.0,455,37.64306044943742,235.33333333333334,203.80709833892766,0,0.0,95,13.228756555322953,0.0,0.0
fqa,rs_m,reduced,C∪S,2,3,3,0,1,22.666666666666668,3.511884584284246,0.9072346417884175,0.058830399461603296,0.20261437908496732,0.04081698038168888,0.33048760330578514,0.05832413742601453,0.9567099567099567,0.025219004756993593,0.13255360623781676,0.022711852237292482,0.23242657046024595,0.035120181644118155,0.9567099567099567,0.025219004756993593,0.13255360623781676,0.022711852237292482,0.23242657046024595,0.035120181644118155,0,0.0,0.8777777777777778,0.10715167512214392,1.0,0.0,4.333333333333333,0.5773502691896257,0.3333333333333333,0.5773502691896257,0,0.0,0.6666666666666666,0.5773502691896257,0.3333333333333333,0.5773502691896257,344.3333333333333,15.044378795195676,0.6666666666666666,0.5773502691896257,42,7.211102550927978,22.666666666666668,3.511884584284246,0,0.0,0.6666666666666666,0.5773502691896257,89.33333333333333,77.42308010750627,0.6666666666666666,0.5773502691896257,748.8974703204198,95.98885025009453,17.543152983610828,15.207136085920443,5.787235995133718,3.6682496114232603,772.2278592991643,91.64220966104256,19.93831932001437,17.424268815036076,10.666666666666666,9.237604307034012,0,0.0,456,37.64306044943742,734,167.20346886353764,1,0.0,455,37.64306044943742,235.33333333333334,203.80709833892766,0,0.0,42.666666666666664,7.094598884597588,0.0,0.0
fqa,rs_m,reduced,C∪S,3,3,3,0,1,9,2.0,0.9629629629629629,0.06415002990995845,0.08496732026143791,0.02040849019084444,0.1557582588677823,0.03461831897850372,0.9861111111111112,0.024056261216234387,0.06042884990253411,0.007358513094805798,0.1137951798160442,0.012947325505547358,0.9861111111111112,0.024056261216234387,0.06042884990253411,0.007358513094805798,0.1137951798160442,0.012947325505547358,0,0.0,1.0,0.0,1.0,0.0,5,0.0,0.3333333333333333,0.5773502691896257,0,0.0,0,0.0,0.3333333333333333,0.5773502691896257,344.3333333333333,15.044378795195676,0.6666666666666666,0.5773502691896257,16.333333333333332,4.509249752822894,9,2.0,0,0.0,0.6666666666666666,0.5773502691896257,89.33333333333333,77.42308010750627,0.6666666666666666,0.5773502691896257,748.8974703204198,95.98885025009453,17.543152983610828,15.207136085920443,1.6813333107468982,0.27084124701467294,768.1219566147774,89.24889028795813,19.93831932001437,17.424268815036076,10.666666666666666,9.237604307034012,0,0.0,456,37.64306044943742,708.3333333333334,165.38540846559994,1,0.0,455,37.64306044943742,235.33333333333334,203.80709833892766,0,0.0,17,4.0,0.0,0.0
fqa,rs_m,reduced,C∪S,5,3,3,0,1,1.6666666666666667,1.1547005383792515,1.0,0.0,0.016339869281045753,0.011320593513522074,0.031992602866389275,0.021780759115059393,1.0,0.0,0.017543859649122806,0.0,0.034482758620689655,0.0,1.0,0.0,0.017543859649122806,0.0,0.034482758620689655,0.0,0,0.0,1.0,0.0,1.0,0.0,5,0.0,0.3333333333333333,0.5773502691896257,0,0.0,0,0.0,0.3333333333333333,0.5773502691896257,344.3333333333333,15.044378795195676,0.6666666666666666,0.5773502691896257,2,3.4641016151377544,1.6666666666666667,1.1547005383792515,0,0.0,0.6666666666666666,0.5773502691896257,89.33333333333333,77.42308010750627,0.6666666666666666,0.5773502691896257,748.8974703204198,95.98885025009453,17.543152983610828,15.207136085920443,0.32329167394588393,0.21276200171509946,766.7639149779765,89.37726934560844,19.93831932001437,17.424268815036076,10.666666666666666,9.237604307034012,0,0.0,456,37.64306044943742,694,165.81013238038258,1,0.0,455,37.64306044943742,235.33333333333334,203.80709833892766,0,0.0,2.6666666666666665,2.8867513459481287,0.0,0.0
fqa,rs_m,raw,C,,3,3,0,1,0.6666666666666666,0.5773502691896257,0.6666666666666666,0.5773502691896257,0.006535947712418301,0.005660296756761037,0.012944983818770227,0.011210684838633512,0.6666666666666666,0.5773502691896257,0.011695906432748537,0.010128952091046065,0.022988505747126436,0.01990862997205606,0.6666666666666666,0.5773502691896257,0.011695906432748537,0.010128952091046065,0.022988505747126436,0.01990862997205606,0,0.0,1.0,0.0,1.0,0.0,5,0.0,0.3333333333333333,0.5773502691896257,0,0.0,0,0.0,0.3333333333333333,0.5773502691896257,344.3333333333333,15.044378795195676,0.6666666666666666,0.5773502691896257,0,0.0,0.6666666666666666,0.5773502691896257,0,0.0,0.6666666666666666,0.5773502691896257,89.33333333333333,77.42308010750627,0.6666666666666666,0.5773502691896257,735.3882309398614,87.53316437007453,17.410944662212085,15.080224964555724,0.0,0.0,752.7991756020734,78.40557511044537,0.0,0.0,0,0.0,0,0.0,456,37.64306044943742,691.3333333333334,168.6900510798824,1,0.0,455,37.64306044943742,235.33333333333334,203.80709833892766,0,0.0,0,0.0,0.0,0.0
fqa,rs_m,raw,C∪S,1,3,3,0,1,50.333333333333336,5.773502691896257,0.7821326365559288,0.008835894377295544,0.38562091503267976,0.03962207729732728,0.5155825700336274,0.0328020540428533,0.913571007028274,0.004623020720933155,0.26705653021442494,0.019468795668068407,0.41300673688220224,0.022606025679917582,0.9138490164805954,0.004143917992788749,0.2680311890838207,0.021152567655176115,0.4141578988362996,0.024593891856097633,0,0.0,0.5555555555555556,0.13877773329774215,1.0,0.0,2.6666666666666665,0.5773502691896257,0.3333333333333333,0.5773502691896257,0,0.0,2.3333333333333335,0.5773502691896257,0.3333333333333333,0.5773502691896257,344.3333333333333,15.044378795195676,0.6666666666666666,0.5773502691896257,94.33333333333333,13.79613472438325,50.333333333333336,5.773502691896257,0,0.0,0.6666666666666666,0.5773502691896257,89.33333333333333,77.42308010750627,0.6666666666666666,0.5773502691896257,735.3882309398614,87.53316437007453,17.410944662212085,15.080224964555724,9.06648599387457,0.900521431042364,761.865661595948,79.09986660164446,0.0,0.0,0,0.0,0,0.0,456,37.64306044943742,786.3333333333334,155.93695307185317,1,0.0,455,37.64306044943742,235.33333333333334,203.80709833892766,0,0.0,95,13.228756555322953,0.0,0.0
fqa,rs_m,raw,C∪S,2,3,3,0,1,22.666666666666668,3.511884584284246,0.9072346417884175,0.058830399461603296,0.20261437908496732,0.04081698038168888,0.33048760330578514,0.05832413742601453,0.9567099567099567,0.025219004756993593,0.13255360623781676,0.022711852237292482,0.23242657046024595,0.035120181644118155,0.9567099567099567,0.025219004756993593,0.13255360623781676,0.022711852237292482,0.23242657046024595,0.035120181644118155,0,0.0,0.8777777777777778,0.10715167512214392,1.0,0.0,4.333333333333333,0.5773502691896257,0.3333333333333333,0.5773502691896257,0,0.0,0.6666666666666666,0.5773502691896257,0.3333333333333333,0.5773502691896257,344.3333333333333,15.044378795195676,0.6666666666666666,0.5773502691896257,42,7.211102550927978,22.666666666666668,3.511884584284246,0,0.0,0.6666666666666666,0.5773502691896257,89.33333333333333,77.42308010750627,0.6666666666666666,0.5773502691896257,735.3882309398614,87.53316437007453,17.410944662212085,15.080224964555724,4.100402661909659,0.856176475250087,756.8995782639831,79.06913635137741,0.0,0.0,0,0.0,0,0.0,456,37.64306044943742,734,167.20346886353764,1,0.0,455,37.64306044943742,235.33333333333334,203.80709833892766,0,0.0,42.666666666666664,7.094598884597588,0.0,0.0
fqa,rs_m,raw,C∪S,3,3,3,0,1,9,2.0,0.9629629629629629,0.06415002990995845,0.08496732026143791,0.02040849019084444,0.1557582588677823,0.03461831897850372,0.9861111111111112,0.024056261216234387,0.06042884990253411,0.007358513094805798,0.1137951798160442,0.012947325505547358,0.9861111111111112,0.024056261216234387,0.06042884990253411,0.007358513094805798,0.1137951798160442,0.012947325505547358,0,0.0,1.0,0.0,1.0,0.0,5,0.0,0.3333333333333333,0.5773502691896257,0,0.0,0,0.0,0.3333333333333333,0.5773502691896257,344.3333333333333,15.044378795195676,0.6666666666666666,0.5773502691896257,16.333333333333332,4.509249752822894,9,2.0,0,0.0,0.6666666666666666,0.5773502691896257,89.33333333333333,77.42308010750627,0.6666666666666666,0.5773502691896257,735.3882309398614,87.53316437007453,17.410944662212085,15.080224964555724,1.702972319132338,0.23908140254943167,754.5021479212058,78.47409233529469,0.0,0.0,0,0.0,0,0.0,456,37.64306044943742,708.3333333333334,165.38540846559994,1,0.0,455,37.64306044943742,235.33333333333334,203.80709833892766,0,0.0,17,4.0,0.0,0.0
fqa,rs_m,raw,C∪S,5,3,3,0,1,1.6666666666666667,1.1547005383792515,1.0,0.0,0.016339869281045753,0.011320593513522074,0.031992602866389275,0.021780759115059393,1.0,0.0,0.017543859649122806,0.0,0.034482758620689655,0.0,1.0,0.0,0.017543859649122806,0.0,0.034482758620689655,0.0,0,0.0,1.0,0.0,1.0,0.0,5,0.0,0.3333333333333333,0.5773502691896257,0,0.0,0,0.0,0.3333333333333333,0.5773502691896257,344.3333333333333,15.044378795195676,0.6666666666666666,0.5773502691896257,2,3.4641016151377544,1.6666666666666667,1.1547005383792515,0,0.0,0.6666666666666666,0.5773502691896257,89.33333333333333,77.42308010750627,0.6666666666666666,0.5773502691896257,735.3882309398614,87.53316437007453,17.410944662212085,15.080224964555724,0.32334699062630534,0.21515395652077973,753.1225225926997,78.55808280338972,0.0,0.0,0,0.0,0,0.0,456,37.64306044943742,694,165.81013238038258,1,0.0,455,37.64306044943742,235.33333333333334,203.80709833892766,0,0.0,2.6666666666666665,2.8867513459481287,0.0,0.0
fqa,rs_m,n/a,QuAcq,,3,3,0,1,0,0.0,0.0,0.0,0.0,0.0,0.0,0.0,0.0,0.0,0.0,0.0,0.0,0.0,0.0,0.0,0.0,0.0,0.0,0.0,0,0.0,1.0,0.0,1.0,0.0,5,0.0,0.3333333333333333,0.5773502691896257,0,0.0,0,0.0,0.3333333333333333,0.5773502691896257,0,0.0,0,0.0,0,0.0,0,0.0,0,0.0,0,0.0,0,0.0,0,0.0,502.2507636846664,68.04187142158312,0.0,0.0,0.0,0.0,502.2507636846664,68.04187142158312,0.0,0.0,0,0.0,8.666666666666666,0.5773502691896257,,,0,0.0,0,0.0,0,0.0,0,0.0,0,0.0,0,0.0,1.0035877227783203,0.10450687678423232
