kb,example_set,negatives,condition,k,n_folds,n_ok_folds,n_failed,n_nonconverged,n_timeout,n_maxq,n_zero_neg_folds,size_mean,size_std,desc_p_mean,desc_p_std,desc_r_mean,desc_r_std,desc_f1_mean,desc_f1_std,clause_p_mean,clause_p_std,clause_r_mean,clause_r_std,clause_f1_mean,clause_f1_std,sem_p_mean,sem_p_std,sem_r_mean,sem_r_std,sem_f1_mean,sem_f1_std,exact_equiv_mean,exact_equiv_std,accuracy_mean,accuracy_std,specificity_mean,specificity_std,tp_mean,tp_std,tn_mean,tn_std,fp_mean,fp_std,fn_mean,fn_std,n_test_neg_mean,n_test_neg_std,n_mss_mean,n_mss_std,n_cover_mean,n_cover_std,n_support_mean,n_support_std,n_kb_mean,n_kb_std,n_uncoverable_mean,n_uncoverable_std,n_components_mean,n_components_std,largest_component_mean,largest_component_std,n_greedy_fallback_mean,n_greedy_fallback_std,stage1_ms_mean,stage1_ms_std,cover_ms_mean,cover_ms_std,reduce_ms_mean,reduce_ms_std,total_ms_mean,total_ms_std,preprocessing_ms_mean,preprocessing_ms_std,preprocessing_checks_mean,preprocessing_checks_std,oracle_queries_mean,oracle_queries_std,stage1_batch_checks_mean,stage1_batch_checks_std,checks_total_mean,checks_total_std,checks_gate_mean,checks_gate_std,checks_admpool_mean,checks_admpool_std,checks_cover_rej_mean,checks_cover_rej_std,checks_cover_qx_mean,checks_cover_qx_std,checks_redundancy_mean,checks_redundancy_std,memory_mb_mean,memory_mb_std
REAL-FM-7,2cov,n/a,A,,3,3,0,0,0,0,0,294,0.0,0.04421768707482993,0.0,1.0,0.0,0.08469055374592835,0.0,0.07664233576642336,0.0,0.9545454545454546,0.0,0.14189189189189189,0.0,0.08235294117647059,0.0,0.9545454545454546,0.0,0.1516245487364621,0.0,0,0.0,1.0,0.0,1.0,0.0,0,0.0,3,0.0,0,0.0,0,0.0,3,0.0,294,0.0,0,0.0,0,0.0,294,0.0,0,0.0,0,0.0,0,0.0,0,0.0,8.37147255272915,0.13422538574905807,0.0,0.0,0.0,0.0,8.37147255272915,0.13422538574905807,0.0,0.0,0,0.0,0,0.0,10,0.0,10,0.0,1,0.0,9,0.0,0,0.0,0,0.0,0,0.0,0.0,0.0
REAL-FM-7,2cov,reduced,C,,3,3,0,0,0,0,0,2,0.0,1.0,0.0,0.15384615384615385,0.0,0.2666666666666667,0.0,1.0,0.0,0.2727272727272727,0.0,0.42857142857142855,0.0,1.0,0.0,0.2727272727272727,0.0,0.42857142857142855,0.0,0,0.0,1.0,0.0,1.0,0.0,0,0.0,3,0.0,0,0.0,0,0.0,3,0.0,294,0.0,2,0.0,0,0.0,2,0.0,0,0.0,1,0.0,254.33333333333334,11.930353445448853,1,0.0,8.37147255272915,0.13422538574905807,54.99625033310925,1.0050079062326671,0.0,0.0,63.3677228858384,1.0168340171573336,16.08013967052102,0.8687820233199388,48,1.0,0,0.0,10,0.0,1774,0.0,1,0.0,9,0.0,1764,0.0,0,0.0,0,0.0,0.0,0.0
REAL-FM-7,2cov,reduced,C∪S,1,3,3,0,0,0,0,0,2,0.0,1.0,0.0,0.15384615384615385,0.0,0.2666666666666667,0.0,1.0,0.0,0.2727272727272727,0.0,0.42857142857142855,0.0,1.0,0.0,0.2727272727272727,0.0,0.42857142857142855,0.0,0,0.0,1.0,0.0,1.0,0.0,0,0.0,3,0.0,0,0.0,0,0.0,3,0.0,294,0.0,2,0.0,0,0.0,2,0.0,0,0.0,1,0.0,254.33333333333334,11.930353445448853,1,0.0,8.37147255272915,0.13422538574905807,54.99625033310925,1.0050079062326671,0.19319433098038039,0.016165151930677014,63.56091721681878,1.0155907798924158,16.08013967052102,0.8687820233199388,48,1.0,0,0.0,10,0.0,1776,0.0,1,0.0,9,0.0,1764,0.0,0,0.0,2,0.0,0.0,0.0
REAL-FM-7,2cov,reduced,C∪S,2,3,3,0,0,0,0,0,2,0.0,1.0,0.0,0.15384615384615385,0.0,0.2666666666666667,0.0,1.0,0.0,0.2727272727272727,0.0,0.42857142857142855,0.0,1.0,0.0,0.2727272727272727,0.0,0.42857142857142855,0.0,0,0.0,1.0,0.0,1.0,0.0,0,0.0,3,0.0,0,0.0,0,0.0,3,0.0,294,0.0,2,0.0,0,0.0,2,0.0,0,0.0,1,0.0,254.33333333333334,11.930353445448853,1,0.0,8.37147255272915,0.13422538574905807,54.99625033310925,1.0050079062326671,0.14076399384066463,0.030665061284771415,63.50848687967906,1.0459440678120675,16.08013967052102,0.8687820233199388,48,1.0,0,0.0,10,0.0,1776,0.0,1,0.0,9,0.0,1764,0.0,0,0.0,2,0.0,0.0,0.0
REAL-FM-7,2cov,reduced,C∪S,3,3,3,0,0,0,0,0,2,0.0,1.0,0.0,0.15384615384615385,0.0,0.2666666666666667,0.0,1.0,0.0,0.2727272727272727,0.0,0.42857142857142855,0.0,1.0,0.0,0.2727272727272727,0.0,0.42857142857142855,0.0,0,0.0,1.0,0.0,1.0,0.0,0,0.0,3,0.0,0,0.0,0,0.0,3,0.0,294,0.0,2,0.0,0,0.0,2,0.0,0,0.0,1,0.0,254.33333333333334,11.930353445448853,1,0.0,8.37147255272915,0.13422538574905807,54.99625033310925,1.0050079062326671,0.12199966780220468,0.007357355736738506,63.489722553640604,1.0236152509237744,16.08013967052102,0.8687820233199388,48,1.0,0,0.0,10,0.0,1776,0.0,1,0.0,9,0.0,1764,0.0,0,0.0,2,0.0,0.0,0.0
REAL-FM-7,2cov,reduced,C∪S,5,3,3,0,0,0,0,0,2,0.0,1.0,0.0,0.15384615384615385,0.0,0.2666666666666667,0.0,1.0,0.0,0.2727272727272727,0.0,0.42857142857142855,0.0,1.0,0.0,0.2727272727272727,0.0,0.42857142857142855,0.0,0,0.0,1.0,0.0,1.0,0.0,0,0.0,3,0.0,0,0.0,0,0.0,3,0.0,294,0.0,2,0.0,0,0.0,2,0.0,0,0.0,1,0.0,254.33333333333334,11.930353445448853,1,0.0,8.37147255272915,0.13422538574905807,54.99625033310925,1.0050079062326671,0.12083297284940879,0.004573734231959576,63.48855585868781,1.0193701491215392,16.08013967052102,0.8687820233199388,48,1.0,0,0.0,10,0.0,1776,0.0,1,0.0,9,0.0,1764,0.0,0,0.0,2,0.0,0.0,0.0
REAL-FM-7,2cov,raw,C,,3,3,0,0,0,0,0,2,0.0,1.0,0.0,0.15384615384615385,0.0,0.2666666666666667,0.0,1.0,0.0,0.2727272727272727,0.0,0.42857142857142855,0.0,1.0,0.0,0.2727272727272727,0.0,0.42857142857142855,0.0,0,0.0,1.0,0.0,1.0,0.0,0,0.0,3,0.0,0,0.0,0,0.0,3,0.0,294,0.0,2,0.0,0,0.0,2,0.0,0,0.0,1,0.0,254.33333333333334,11.930353445448853,1,0.0,9.230849313704917,1.662086552787463,55.242680672866605,1.026427408354609,0.0,0.0,64.47352998657152,2.683342044407756,0.0,0.0,0,0.0,0,0.0,10,0.0,1774,0.0,1,0.0,9,0.0,1764,0.0,0,0.0,0,0.0,0.0,0.0
REAL-FM-7,2cov,raw,C∪S,1,3,3,0,0,0,0,0,2,0.0,1.0,0.0,0.15384615384615385,0.0,0.2666666666666667,0.0,1.0,0.0,0.2727272727272727,0.0,0.42857142857142855,0.0,1.0,0.0,0.2727272727272727,0.0,0.42857142857142855,0.0,0,0.0,1.0,0.0,1.0,0.0,0,0.0,3,0.0,0,0.0,0,0.0,3,0.0,294,0.0,2,0.0,0,0.0,2,0.0,0,0.0,1,0.0,254.33333333333334,11.930353445448853,1,0.0,9.230849313704917,1.662086552787463,55.242680672866605,1.026427408354609,0.20120834233239293,0.010830766755448614,64.67473832890391,2.6833846427415358,0.0,0.0,0,0.0,0,0.0,10,0.0,1776,0.0,1,0.0,9,0.0,1764,0.0,0,0.0,2,0.0,0.0,0.0
REAL-FM-7,2cov,raw,C∪S,2,3,3,0,0,0,0,0,2,0.0,1.0,0.0,0.15384615384615385,0.0,0.2666666666666667,0.0,1.0,0.0,0.2727272727272727,0.0,0.42857142857142855,0.0,1.0,0.0,0.2727272727272727,0.0,0.42857142857142855,0.0,0,0.0,1.0,0.0,1.0,0.0,0,0.0,3,0.0,0,0.0,0,0.0,3,0.0,294,0.0,2,0.0,0,0.0,2,0.0,0,0.0,1,0.0,254.33333333333334,11.930353445448853,1,0.0,9.230849313704917,1.662086552787463,55.242680672866605,1.026427408354609,0.14023634139448404,0.024662712656487343,64.613766327966,2.6597821845999565,0.0,0.0,0,0.0,0,0.0,10,0.0,1776,0.0,1,0.0,9,0.0,1764,0.0,0,0.0,2,0.0,0.0,0.0
REAL-FM-7,2cov,raw,C∪S,3,3,3,0,0,0,0,0,2,0.0,1.0,0.0,0.15384615384615385,0.0,0.2666666666666667,0.0,1.0,0.0,0.2727272727272727,0.0,0.42857142857142855,0.0,1.0,0.0,0.2727272727272727,0.0,0.42857142857142855,0.0,0,0.0,1.0,0.0,1.0,0.0,0,0.0,3,0.0,0,0.0,0,0.0,3,0.0,294,0.0,2,0.0,0,0.0,2,0.0,0,0.0,1,0.0,254.33333333333334,11.930353445448853,1,0.0,9.230849313704917,1.662086552787463,55.242680672866605,1.026427408354609,0.13875000877305865,0.03522893085877771,64.61227999534458,2.7047564361847187,0.0,0.0,0,0.0,0,0.0,10,0.0,1776,0.0,1,0.0,9,0.0,1764,0.0,0,0.0,2,0.0,0.0,0.0
REAL-FM-7,2cov,raw,C∪S,5,3,3,0,0,0,0,0,2,0.0,1.0,0.0,0.15384615384615385,0.0,0.2666666666666667,0.0,1.0,0.0,0.2727272727272727,0.0,0.42857142857142855,0.0,1.0,0.0,0.2727272727272727,0.0,0.42857142857142855,0.0,0,0.0,1.0,0.0,1.0,0.0,0,0.0,3,0.0,0,0.0,0,0.0,3,0.0,294,0.0,2,0.0,0,0.0,2,0.0,0,0.0,1,0.0,254.33333333333334,11.930353445448853,1,0.0,9.230849313704917,1.662086552787463,55.242680672866605,1.026427408354609,0.13311133564760289,0.015448649666334855,64.60664132221912,2.69793252237581,0.0,0.0,0,0.0,0,0.0,10,0.0,1776,0.0,1,0.0,9,0.0,1764,0.0,0,0.0,2,0.0,0.0,0.0
REAL-FM-7,2cov,n/a,QuAcq,,3,3,0,0,0,0,0,0.6666666666666666,0.5773502691896257,0.6666666666666666,0.5773502691896257,0.05128205128205129,0.04441155916843275,0.09523809523809525,0.08247860988423227,0.6666666666666666,0.5773502691896257,0.030303030303030304,0.0262431940540739,0.05797101449275363,0.05020437123388051,0.6666666666666666,0.5773502691896257,0.030303030303030304,0.0262431940540739,0.05797101449275363,0.05020437123388051,0,0.0,0.6666666666666666,0.0,0.6666666666666666,0.0,0,0.0,2,0.0,1,0.0,0,0.0,3,0.0,0,0.0,0,0.0,0,0.0,0.6666666666666666,0.5773502691896257,0,0.0,0,0.0,0,0.0,0,0.0,212.28004169339934,35.37526039234998,0.0,0.0,0.0,0.0,212.28004169339934,35.37526039234998,0.0,0.0,0,0.0,35.333333333333336,4.041451884327381,,,0,0.0,0,0.0,0,0.0,0,0.0,0,0.0,0,0.0,0.37519264221191406,0.03177657110175242
REAL-FM-7,2cov,n/a,QuAcq-active,,3,3,0,0,0,0,0,12,0.0,0.25,0.0,0.23076923076923078,0.0,0.24000000000000002,0.0,1.0,0.0,0.7272727272727273,0.0,0.8421052631578948,0.0,1.0,0.0,0.7272727272727273,0.0,0.8421052631578948,0.0,1,0.0,1.0,0.0,1.0,0.0,0,0.0,3,0.0,0,0.0,0,0.0,3,0.0,0,0.0,0,0.0,0,0.0,12,0.0,0,0.0,0,0.0,0,0.0,0,0.0,1945.9241669392213,0.0,0.0,0.0,0.0,0.0,1945.9241669392213,0.0,0.0,0.0,0,0.0,272,0.0,,,0,0.0,0,0.0,0,0.0,0,0.0,0,0.0,0,0.0,1.4127960205078125,0.0
REAL-FM-7,ff,n/a,A,,3,3,0,0,0,0,0,142.33333333333334,17.7857620959388,0.09236500381926083,0.012370189026140118,1.0,0.0,0.16895456660282837,0.02060828506605756,0.16596244131455398,0.024962348061264756,0.9545454545454546,0.0,0.2822301358731373,0.035832105292878676,0.20774524004686032,0.03941367464511787,0.9545454545454546,0.0,0.340045766590389,0.052236102484158616,0,0.0,0.4444444444444444,0.19245008972987523,1.0,0.0,0.3333333333333333,0.5773502691896257,1,0.0,0,0.0,1.6666666666666667,0.5773502691896257,1,0.0,142.33333333333334,17.7857620959388,0,0.0,0,0.0,142.33333333333334,17.7857620959388,0,0.0,0,0.0,0,0.0,0,0.0,394.38532003744814,36.614264578674046,0.0,0.0,0.0,0.0,394.38532003744814,36.614264578674046,0.0,0.0,0,0.0,0,0.0,464.6666666666667,23.459184413217212,464.6666666666667,23.459184413217212,1,0.0,463.6666666666667,23.459184413217212,0,0.0,0,0.0,0,0.0,0.0,0.0
REAL-FM-7,ff,reduced,C,,3,3,0,0,0,0,0,1,0.0,1.0,0.0,0.07692307692307693,0.0,0.14285714285714288,0.0,1.0,0.0,0.10606060606060606,0.06943296507508849,0.18710516536603494,0.11177822226133667,1.0,0.0,0.10606060606060606,0.06943296507508849,0.18710516536603494,0.11177822226133667,0,0.0,0.8888888888888888,0.1924500897298753,0.6666666666666666,0.5773502691896257,2,0.0,0.6666666666666666,0.5773502691896257,0.3333333333333333,0.5773502691896257,0,0.0,1,0.0,142.33333333333334,17.7857620959388,1,0.0,0,0.0,1,0.0,0,0.0,1,0.0,63.333333333333336,9.237604307034012,1,0.0,394.38532003744814,36.614264578674046,9.909861352449903,0.7741094324318358,0.0,0.0,404.29518138989806,35.87389200439327,5.264555647348364,0.566441181385884,15.333333333333334,1.5275252316519468,0,0.0,464.6666666666667,23.459184413217212,749.3333333333334,12.42309676905615,1,0.0,463.6666666666667,23.459184413217212,284.6666666666667,35.5715241918776,0,0.0,0,0.0,0.0,0.0
REAL-FM-7,ff,reduced,C∪S,1,3,3,0,0,0,0,0,13,2.6457513110645907,0.5454545454545454,0.07872958216222169,0.5384615384615384,0.07692307692307693,0.5383524904214559,0.052948514259464896,0.7033492822966507,0.07832873465906652,0.6363636363636364,0.045454545454545414,0.6674057649667406,0.055697812359558584,0.7562180814354728,0.04714465896592833,0.7878787878787878,0.02624319405407394,0.7707368922608903,0.01805199306642818,0,0.0,0.4444444444444444,0.19245008972987523,1.0,0.0,0.3333333333333333,0.5773502691896257,1,0.0,0,0.0,1.6666666666666667,0.5773502691896257,1,0.0,142.33333333333334,17.7857620959388,1,0.0,80,11.532562594670797,13,2.6457513110645907,0,0.0,1,0.0,63.333333333333336,9.237604307034012,1,0.0,394.38532003744814,36.614264578674046,9.909861352449903,0.7741094324318358,3.708111335678647,0.6279125544006707,408.0032927255767,36.45858782155661,5.264555647348364,0.566441181385884,15.333333333333334,1.5275252316519468,0,0.0,464.6666666666667,23.459184413217212,830.3333333333334,2.309401076758503,1,0.0,463.6666666666667,23.459184413217212,284.6666666666667,35.5715241918776,0,0.0,81,11.532562594670797,0.0,0.0
REAL-FM-7,ff,reduced,C∪S,2,3,3,0,0,0,0,0,8.666666666666666,3.0550504633038935,0.5,0.3004626062886658,0.3076923076923077,0.13323467750529827,0.3722639933166249,0.16962907655751272,0.6446969696969697,0.2551163781319901,0.36363636363636365,0.15745916432444337,0.4607921318447634,0.18685502690285197,0.7794135688872531,0.11449012143430994,0.5,0.12026142323020865,0.6010910498715376,0.08443031909319683,0,0.0,0.7777777777777778,0.1924500897298753,1.0,0.0,1.3333333333333333,0.5773502691896257,1,0.0,0,0.0,0.6666666666666666,0.5773502691896257,1,0.0,142.33333333333334,17.7857620959388,1,0.0,37,18.33030277982336,8.666666666666666,3.0550504633038935,0,0.0,1,0.0,63.333333333333336,9.237604307034012,1,0.0,394.38532003744814,36.614264578674046,9.909861352449903,0.7741094324318358,1.6969863596993189,0.8318873479985671,405.9921677495974,36.629155863733715,5.264555647348364,0.566441181385884,15.333333333333334,1.5275252316519468,0,0.0,464.6666666666667,23.459184413217212,787.3333333333334,7.371114795831994,1,0.0,463.6666666666667,23.459184413217212,284.6666666666667,35.5715241918776,0,0.0,38,18.33030277982336,0.0,0.0
REAL-FM-7,ff,reduced,C∪S,3,3,3,0,0,0,0,0,4,1.0,0.7555555555555555,0.2143033502442879,0.23076923076923078,0.07692307692307693,0.3513071895424837,0.11138710436048538,0.8214285714285714,0.15567496226930977,0.25757575757575757,0.13886593015017698,0.38541399275548327,0.17843411665624753,0.9583333333333334,0.07216878364870322,0.30303030303030304,0.11439143083743561,0.45166804521643233,0.13709315831171304,0,0.0,0.7777777777777778,0.1924500897298753,0.6666666666666666,0.5773502691896257,1.6666666666666667,0.5773502691896257,0.6666666666666666,0.5773502691896257,0.3333333333333333,0.5773502691896257,0.3333333333333333,0.5773502691896257,1,0.0,142.33333333333334,17.7857620959388,1,0.0,13,6.244997998398398,4,1.0,0,0.0,1,0.0,63.333333333333336,9.237604307034012,1,0.0,394.38532003744814,36.614264578674046,9.909861352449903,0.7741094324318358,0.6458053248934448,0.26607196209374473,404.9409867147915,36.10455282750223,5.264555647348364,0.566441181385884,15.333333333333334,1.5275252316519468,0,0.0,464.6666666666667,23.459184413217212,763.3333333333334,9.504384952922168,1,0.0,463.6666666666667,23.459184413217212,284.6666666666667,35.5715241918776,0,0.0,14,6.244997998398398,0.0,0.0
REAL-FM-7,ff,reduced,C∪S,5,3,3,0,0,0,0,0,1,0.0,1.0,0.0,0.07692307692307693,0.0,0.14285714285714288,0.0,1.0,0.0,0.10606060606060606,0.06943296507508849,0.18710516536603494,0.11177822226133667,1.0,0.0,0.10606060606060606,0.06943296507508849,0.18710516536603494,0.11177822226133667,0,0.0,0.8888888888888888,0.1924500897298753,0.6666666666666666,0.5773502691896257,2,0.0,0.6666666666666666,0.5773502691896257,0.3333333333333333,0.5773502691896257,0,0.0,1,0.0,142.33333333333334,17.7857620959388,1,0.0,0,0.0,1,0.0,0,0.0,1,0.0,63.333333333333336,9.237604307034012,1,0.0,394.38532003744814,36.614264578674046,9.909861352449903,0.7741094324318358,0.09194433611507218,0.008651055409180163,404.38712572601315,35.88252219572112,5.264555647348364,0.566441181385884,15.333333333333334,1.5275252316519468,0,0.0,464.6666666666667,23.459184413217212,750.3333333333334,12.42309676905615,1,0.0,463.6666666666667,23.459184413217212,284.6666666666667,35.5715241918776,0,0.0,1,0.0,0.0,0.0
REAL-FM-7,ff,raw,C,,3,3,0,0,0,0,0,1,0.0,1.0,0.0,0.07692307692307693,0.0,0.14285714285714288,0.0,1.0,0.0,0.10606060606060606,0.06943296507508849,0.18710516536603494,0.11177822226133667,1.0,0.0,0.10606060606060606,0.06943296507508849,0.18710516536603494,0.11177822226133667,0,0.0,0.8888888888888888,0.1924500897298753,0.6666666666666666,0.5773502691896257,2,0.0,0.6666666666666666,0.5773502691896257,0.3333333333333333,0.5773502691896257,0,0.0,1,0.0,142.33333333333334,17.7857620959388,1,0.0,0,0.0,1,0.0,0,0.0,1,0.0,63.333333333333336,9.237604307034012,1,0.0,397.4974989541806,37.64736938573381,10.040708351880312,1.0289962023165566,0.0,0.0,407.53820730606094,36.62701927697229,0.0,0.0,0,0.0,0,0.0,464.6666666666667,23.459184413217212,749.3333333333334,12.42309676905615,1,0.0,463.6666666666667,23.459184413217212,284.6666666666667,35.5715241918776,0,0.0,0,0.0,0.0,0.0
REAL-FM-7,ff,raw,C∪S,1,3,3,0,0,0,0,0,13,2.6457513110645907,0.5454545454545454,0.07872958216222169,0.5384615384615384,0.07692307692307693,0.5383524904214559,0.052948514259464896,0.7033492822966507,0.07832873465906652,0.6363636363636364,0.045454545454545414,0.6674057649667406,0.055697812359558584,0.7562180814354728,0.04714465896592833,0.7878787878787878,0.02624319405407394,0.7707368922608903,0.01805199306642818,0,0.0,0.4444444444444444,0.19245008972987523,1.0,0.0,0.3333333333333333,0.5773502691896257,1,0.0,0,0.0,1.6666666666666667,0.5773502691896257,1,0.0,142.33333333333334,17.7857620959388,1,0.0,80,11.532562594670797,13,2.6457513110645907,0,0.0,1,0.0,63.333333333333336,9.237604307034012,1,0.0,397.4974989541806,37.64736938573381,10.040708351880312,1.0289962023165566,3.6979583480084934,0.7298328191421438,411.23616565406945,37.32060409559514,0.0,0.0,0,0.0,0,0.0,464.6666666666667,23.459184413217212,830.3333333333334,2.309401076758503,1,0.0,463.6666666666667,23.459184413217212,284.6666666666667,35.5715241918776,0,0.0,81,11.532562594670797,0.0,0.0
REAL-FM-7,ff,raw,C∪S,2,3,3,0,0,0,0,0,8.666666666666666,3.0550504633038935,0.5,0.3004626062886658,0.3076923076923077,0.13323467750529827,0.3722639933166249,0.16962907655751272,0.6446969696969697,0.2551163781319901,0.36363636363636365,0.15745916432444337,0.4607921318447634,0.18685502690285197,0.7794135688872531,0.11449012143430994,0.5,0.12026142323020865,0.6010910498715376,0.08443031909319683,0,0.0,0.7777777777777778,0.1924500897298753,1.0,0.0,1.3333333333333333,0.5773502691896257,1,0.0,0,0.0,0.6666666666666666,0.5773502691896257,1,0.0,142.33333333333334,17.7857620959388,1,0.0,37,18.33030277982336,8.666666666666666,3.0550504633038935,0,0.0,1,0.0,63.333333333333336,9.237604307034012,1,0.0,397.4974989541806,37.64736938573381,10.040708351880312,1.0289962023165566,1.7413056533162792,0.8300481651606295,409.2795129593772,37.37699262496061,0.0,0.0,0,0.0,0,0.0,464.6666666666667,23.459184413217212,787.3333333333334,7.371114795831994,1,0.0,463.6666666666667,23.459184413217212,284.6666666666667,35.5715241918776,0,0.0,38,18.33030277982336,0.0,0.0
REAL-FM-7,ff,raw,C∪S,3,3,3,0,0,0,0,0,4,1.0,0.7555555555555555,0.2143033502442879,0.23076923076923078,0.07692307692307693,0.3513071895424837,0.11138710436048538,0.8214285714285714,0.15567496226930977,0.25757575757575757,0.13886593015017698,0.38541399275548327,0.17843411665624753,0.9583333333333334,0.07216878364870322,0.30303030303030304,0.11439143083743561,0.45166804521643233,0.13709315831171304,0,0.0,0.7777777777777778,0.1924500897298753,0.6666666666666666,0.5773502691896257,1.6666666666666667,0.5773502691896257,0.6666666666666666,0.5773502691896257,0.3333333333333333,0.5773502691896257,0.3333333333333333,0.5773502691896257,1,0.0,142.33333333333334,17.7857620959388,1,0.0,13,6.244997998398398,4,1.0,0,0.0,1,0.0,63.333333333333336,9.237604307034012,1,0.0,397.4974989541806,37.64736938573381,10.040708351880312,1.0289962023165566,0.6536526489071548,0.2529433299002324,408.1918599549681,36.835989727047846,0.0,0.0,0,0.0,0,0.0,464.6666666666667,23.459184413217212,763.3333333333334,9.504384952922168,1,0.0,463.6666666666667,23.459184413217212,284.6666666666667,35.5715241918776,0,0.0,14,6.244997998398398,0.0,0.0
REAL-FM-7,ff,raw,C∪S,5,3,3,0,0,0,0,0,1,0.0,1.0,0.0,0.07692307692307693,0.0,0.14285714285714288,0.0,1.0,0.0,0.10606060606060606,0.06943296507508849,0.18710516536603494,0.11177822226133667,1.0,0.0,0.10606060606060606,0.06943296507508849,0.18710516536603494,0.11177822226133667,0,0.0,0.8888888888888888,0.1924500897298753,0.6666666666666666,0.5773502691896257,2,0.0,0.6666666666666666,0.5773502691896257,0.3333333333333333,0.5773502691896257,0,0.0,1,0.0,142.33333333333334,17.7857620959388,1,0.0,0,0.0,1,0.0,0,0.0,1,0.0,63.333333333333336,9.237604307034012,1,0.0,397.4974989541806,37.64736938573381,10.040708351880312,1.0289962023165566,0.09975000284612179,0.01825117087147215,407.63795730890706,36.6240612777954,0.0,0.0,0,0.0,0,0.0,464.6666666666667,23.459184413217212,750.3333333333334,12.42309676905615,1,0.0,463.6666666666667,23.459184413217212,284.6666666666667,35.5715241918776,0,0.0,1,0.0,0.0,0.0
REAL-FM-7,ff,n/a,QuAcq,,3,3,0,0,0,0,0,0,0.0,0.0,0.0,0.0,0.0,0.0,0.0,0.0,0.0,0.0,0.0,0.0,0.0,0.0,0.0,0.0,0.0,0.0,0.0,0,0.0,0.8888888888888888,0.1924500897298753,0.6666666666666666,0.5773502691896257,2,0.0,0.6666666666666666,0.5773502691896257,0.3333333333333333,0.5773502691896257,0,0.0,1,0.0,0,0.0,0,0.0,0,0.0,0,0.0,0,0.0,0,0.0,0,0.0,0,0.0,78.47295860604693,34.59383606536316,0.0,0.0,0.0,0.0,78.47295860604693,34.59383606536316,0.0,0.0,0,0.0,11.333333333333334,6.3508529610858835,,,0,0.0,0,0.0,0,0.0,0,0.0,0,0.0,0,0.0,0.30776405334472656,0.03904856567402418
REAL-FM-7,ff,n/a,QuAcq-active,,3,3,0,0,0,0,0,12,0.0,0.25,0.0,0.23076923076923078,0.0,0.24000000000000002,0.0,1.0,0.0,0.7272727272727273,0.0,0.8421052631578948,0.0,1.0,0.0,0.7272727272727273,0.0,0.8421052631578948,0.0,1,0.0,1.0,0.0,1.0,0.0,2,0.0,1,0.0,0,0.0,0,0.0,1,0.0,0,0.0,0,0.0,0,0.0,12,0.0,0,0.0,0,0.0,0,0.0,0,0.0,1945.9241669392213,0.0,0.0,0.0,0.0,0.0,1945.9241669392213,0.0,0.0,0.0,0,0.0,272,0.0,,,0,0.0,0,0.0,0,0.0,0,0.0,0,0.0,0,0.0,1.4127960205078125,0.0
REAL-FM-7,rs_1n,n/a,A,,3,3,0,0,0,0,1,91.66666666666667,7.023769168568492,0.14237048354695414,0.010822232315765262,1.0,0.0,0.2491496598639456,0.016597977292468643,0.2702991452991453,0.02085386890592216,0.9545454545454546,0.0,0.4210116419108792,0.025306217850983106,0.40345596432552955,0.053261941503662855,0.9545454545454546,0.0,0.5658032494474389,0.05274810291709233,0,0.0,0.2777777777777778,0.0481125224324688,1.0,0.0,1,0.0,0.3333333333333333,0.5773502691896257,0,0.0,3.3333333333333335,0.5773502691896257,0.3333333333333333,0.5773502691896257,91.66666666666667,7.023769168568492,0,0.0,0,0.0,91.66666666666667,7.023769168568492,0,0.0,0,0.0,0,0.0,0,0.0,750.7898725064782,11.07236829228635,0.0,0.0,0.0,0.0,750.7898725064782,11.07236829228635,0.0,0.0,0,0.0,0,0.0,521.3333333333334,13.613718571108091,521.3333333333334,13.613718571108091,1,0.0,520.3333333333334,13.613718571108091,0,0.0,0,0.0,0,0.0,0.0,0.0
REAL-FM-7,rs_1n,reduced,C,,3,3,0,0,0,0,1,0.6666666666666666,0.5773502691896257,0.6666666666666666,0.5773502691896257,0.05128205128205129,0.04441155916843275,0.09523809523809525,0.08247860988423227,0.6666666666666666,0.5773502691896257,0.12121212121212122,0.1049727762162956,0.20512820512820515,0.177646236673731,0.6666666666666666,0.5773502691896257,0.12121212121212122,0.1049727762162956,0.20512820512820515,0.177646236673731,0,0.0,0.9444444444444444,0.0962250448649376,0.0,0.0,4.333333333333333,0.5773502691896257,0,0.0,0.3333333333333333,0.5773502691896257,0,0.0,0.3333333333333333,0.5773502691896257,91.66666666666667,7.023769168568492,0.6666666666666666,0.5773502691896257,0,0.0,0.6666666666666666,0.5773502691896257,0,0.0,0.6666666666666666,0.5773502691896257,3.6666666666666665,3.511884584284246,0,0.0,750.7898725064782,11.07236829228635,2.85801402060315,2.4592125098553854,0.0,0.0,753.6478865270814,13.412558923505816,2.0624030148610473,1.7870518456026805,6,5.196152422706632,0,0.0,521.3333333333334,13.613718571108091,584.6666666666666,46.00362304572688,1,0.0,520.3333333333334,13.613718571108091,63.333333333333336,54.9939390599849,0,0.0,0,0.0,0.0,0.0
REAL-FM-7,rs_1n,reduced,C∪S,1,3,3,0,0,0,0,1,15.666666666666666,2.516611478423583,0.6451210826210826,0.07760326156306578,0.7692307692307693,0.07692307692307693,0.6986965574284818,0.05699887737821562,0.7700204384986994,0.06946684301764197,0.8484848484848485,0.026243194054073875,0.8068438003220613,0.05007656704486475,0.7859723984161765,0.05433430586354112,0.9242424242424243,0.05248638810814781,0.8476579520697168,0.02588533053227368,0,0.0,0.3611111111111111,0.1272937693043289,1.0,0.0,1.3333333333333333,0.5773502691896257,0.3333333333333333,0.5773502691896257,0,0.0,3,1.0,0.3333333333333333,0.5773502691896257,91.66666666666667,7.023769168568492,0.6666666666666666,0.5773502691896257,82,9.848857801796104,15.666666666666666,2.516611478423583,0,0.0,0.6666666666666666,0.5773502691896257,3.6666666666666665,3.511884584284246,0,0.0,750.7898725064782,11.07236829228635,2.85801402060315,2.4592125098553854,4.063417009698848,0.37079195195211656,757.7113035367802,13.513437180266516,2.0624030148610473,1.7870518456026805,6,5.196152422706632,0,0.0,521.3333333333334,13.613718571108091,667.3333333333334,46.26373669877233,1,0.0,520.3333333333334,13.613718571108091,63.333333333333336,54.9939390599849,0,0.0,82.66666666666667,9.71253485622231,0.0,0.0
REAL-FM-7,rs_1n,reduced,C∪S,2,3,3,0,0,0,0,1,13.333333333333334,1.5275252316519468,0.7029914529914529,0.04268159050307305,0.717948717948718,0.044411559168432785,0.7088644688644687,0.014620478883039023,0.8195652173913044,0.034165725316308036,0.8181818181818182,0.04545454545454547,0.817989417989418,0.02340036443121266,0.8249654934437542,0.032752498216091185,0.8484848484848485,0.026243194054073875,0.8359135677639217,0.009247082607437737,0,0.0,0.4444444444444444,0.09622504486493764,1.0,0.0,1.6666666666666667,0.5773502691896257,0.3333333333333333,0.5773502691896257,0,0.0,2.6666666666666665,1.1547005383792515,0.3333333333333333,0.5773502691896257,91.66666666666667,7.023769168568492,0.6666666666666666,0.5773502691896257,68.33333333333333,4.618802153517006,13.333333333333334,1.5275252316519468,0,0.0,0.6666666666666666,0.5773502691896257,3.6666666666666665,3.511884584284246,0,0.0,750.7898725064782,11.07236829228635,2.85801402060315,2.4592125098553854,3.260194013516108,0.1916586646336411,756.9080805405974,13.312417283521539,2.0624030148610473,1.7870518456026805,6,5.196152422706632,0,0.0,521.3333333333334,13.613718571108091,653.6666666666666,43.92417709341102,1,0.0,520.3333333333334,13.613718571108091,63.333333333333336,54.9939390599849,0,0.0,69,4.358898943540674,0.0,0.0
REAL-FM-7,rs_1n,reduced,C∪S,3,3,3,0,0,0,0,1,9.333333333333334,2.0816659994661326,0.7614718614718614,0.08396817833401468,0.5384615384615384,0.07692307692307693,0.6251207729468599,0.03624154460581852,0.9057017543859649,0.08330447330360782,0.6363636363636364,0.09090909090909094,0.7410707543607944,0.037482055300762936,0.9107843137254902,0.07893831268000262,0.6666666666666666,0.11439143083743561,0.761545643898585,0.05224637541658743,0,0.0,0.7222222222222222,0.2545875386086578,1.0,0.0,3,1.0,0.3333333333333333,0.5773502691896257,0,0.0,1.3333333333333333,1.1547005383792515,0.3333333333333333,0.5773502691896257,91.66666666666667,7.023769168568492,0.6666666666666666,0.5773502691896257,43,11.357816691600547,9.333333333333334,2.0816659994661326,0,0.0,0.6666666666666666,0.5773502691896257,3.6666666666666665,3.511884584284246,0,0.0,750.7898725064782,11.07236829228635,2.85801402060315,2.4592125098553854,2.0404859872845313,0.5215679496244554,755.6883725143658,13.259355251598537,2.0624030148610473,1.7870518456026805,6,5.196152422706632,0,0.0,521.3333333333334,13.613718571108091,628.3333333333334,42.027768598074935,1,0.0,520.3333333333334,13.613718571108091,63.333333333333336,54.9939390599849,0,0.0,43.666666666666664,11.015141094572204,0.0,0.0
REAL-FM-7,rs_1n,reduced,C∪S,5,3,3,0,0,0,0,1,2.6666666666666665,0.5773502691896257,0.8888888888888888,0.1924500897298753,0.1794871794871795,0.04441155916843275,0.2972222222222222,0.06787106512705897,0.9166666666666666,0.14433756729740643,0.2424242424242424,0.09462118179391513,0.38069976001010486,0.13264024896784102,1.0,0.0,0.25757575757575757,0.06943296507508848,0.40634078565113046,0.08962535690366125,0,0.0,0.9444444444444444,0.0962250448649376,0.0,0.0,4.333333333333333,0.5773502691896257,0,0.0,0.3333333333333333,0.5773502691896257,0,0.0,0.3333333333333333,0.5773502691896257,91.66666666666667,7.023769168568492,0.6666666666666666,0.5773502691896257,8,1.7320508075688772,2.6666666666666665,0.5773502691896257,0,0.0,0.6666666666666666,0.5773502691896257,3.6666666666666665,3.511884584284246,0,0.0,750.7898725064782,11.07236829228635,2.85801402060315,2.4592125098553854,0.49212501229097444,0.05320821378946274,754.1400115393723,13.376676458719535,2.0624030148610473,1.7870518456026805,6,5.196152422706632,0,0.0,521.3333333333334,13.613718571108091,593.3333333333334,45.54484969053398,1,0.0,520.3333333333334,13.613718571108091,63.333333333333336,54.9939390599849,0,0.0,8.666666666666666,1.5275252316519468,0.0,0.0
REAL-FM-7,rs_1n,raw,C,,3,3,0,0,0,0,1,0.6666666666666666,0.5773502691896257,0.6666666666666666,0.5773502691896257,0.05128205128205129,0.04441155916843275,0.09523809523809525,0.08247860988423227,0.6666666666666666,0.5773502691896257,0.12121212121212122,0.1049727762162956,0.20512820512820515,0.177646236673731,0.6666666666666666,0.5773502691896257,0.12121212121212122,0.1049727762162956,0.20512820512820515,0.177646236673731,0,0.0,0.9444444444444444,0.0962250448649376,0.0,0.0,4.333333333333333,0.5773502691896257,0,0.0,0.3333333333333333,0.5773502691896257,0,0.0,0.3333333333333333,0.5773502691896257,91.66666666666667,7.023769168568492,0.6666666666666666,0.5773502691896257,0,0.0,0.6666666666666666,0.5773502691896257,0,0.0,0.6666666666666666,0.5773502691896257,3.6666666666666665,3.511884584284246,0,0.0,748.9818575559184,15.054068656951413,2.7181670302525163,2.3431770077966,0.0,0.0,751.7000245861709,17.314390801533687,0.0,0.0,0,0.0,0,0.0,521.3333333333334,13.613718571108091,584.6666666666666,46.00362304572688,1,0.0,520.3333333333334,13.613718571108091,63.333333333333336,54.9939390599849,0,0.0,0,0.0,0.0,0.0
REAL-FM-7,rs_1n,raw,C∪S,1,3,3,0,0,0,0,1,15.666666666666666,2.516611478423583,0.6451210826210826,0.07760326156306578,0.7692307692307693,0.07692307692307693,0.6986965574284818,0.05699887737821562,0.7700204384986994,0.06946684301764197,0.8484848484848485,0.026243194054073875,0.8068438003220613,0.05007656704486475,0.7859723984161765,0.05433430586354112,0.9242424242424243,0.05248638810814781,0.8476579520697168,0.02588533053227368,0,0.0,0.3611111111111111,0.1272937693043289,1.0,0.0,1.3333333333333333,0.5773502691896257,0.3333333333333333,0.5773502691896257,0,0.0,3,1.0,0.3333333333333333,0.5773502691896257,91.66666666666667,7.023769168568492,0.6666666666666666,0.5773502691896257,82,9.848857801796104,15.666666666666666,2.516611478423583,0,0.0,0.6666666666666666,0.5773502691896257,3.6666666666666665,3.511884584284246,0,0.0,748.9818575559184,15.054068656951413,2.7181670302525163,2.3431770077966,4.061222328649213,0.44442445783881523,755.7612469148202,17.140972221440332,0.0,0.0,0,0.0,0,0.0,521.3333333333334,13.613718571108091,667.3333333333334,46.26373669877233,1,0.0,520.3333333333334,13.613718571108091,63.333333333333336,54.9939390599849,0,0.0,82.66666666666667,9.71253485622231,0.0,0.0
REAL-FM-7,rs_1n,raw,C∪S,2,3,3,0,0,0,0,1,13.333333333333334,1.5275252316519468,0.7029914529914529,0.04268159050307305,0.717948717948718,0.044411559168432785,0.7088644688644687,0.014620478883039023,0.8195652173913044,0.034165725316308036,0.8181818181818182,0.04545454545454547,0.817989417989418,0.02340036443121266,0.8249654934437542,0.032752498216091185,0.8484848484848485,0.026243194054073875,0.8359135677639217,0.009247082607437737,0,0.0,0.4444444444444444,0.09622504486493764,1.0,0.0,1.6666666666666667,0.5773502691896257,0.3333333333333333,0.5773502691896257,0,0.0,2.6666666666666665,1.1547005383792515,0.3333333333333333,0.5773502691896257,91.66666666666667,7.023769168568492,0.6666666666666666,0.5773502691896257,68.33333333333333,4.618802153517006,13.333333333333334,1.5275252316519468,0,0.0,0.6666666666666666,0.5773502691896257,3.6666666666666665,3.511884584284246,0,0.0,748.9818575559184,15.054068656951413,2.7181670302525163,2.3431770077966,3.363083330138276,0.1052566884725338,755.0631079163091,17.28162404066651,0.0,0.0,0,0.0,0,0.0,521.3333333333334,13.613718571108091,653.6666666666666,43.92417709341102,1,0.0,520.3333333333334,13.613718571108091,63.333333333333336,54.9939390599849,0,0.0,69,4.358898943540674,0.0,0.0
REAL-FM-7,rs_1n,raw,C∪S,3,3,3,0,0,0,0,1,9.333333333333334,2.0816659994661326,0.7614718614718614,0.08396817833401468,0.5384615384615384,0.07692307692307693,0.6251207729468599,0.03624154460581852,0.9057017543859649,0.08330447330360782,0.6363636363636364,0.09090909090909094,0.7410707543607944,0.037482055300762936,0.9107843137254902,0.07893831268000262,0.6666666666666666,0.11439143083743561,0.761545643898585,0.05224637541658743,0,0.0,0.7222222222222222,0.2545875386086578,1.0,0.0,3,1.0,0.3333333333333333,0.5773502691896257,0,0.0,1.3333333333333333,1.1547005383792515,0.3333333333333333,0.5773502691896257,91.66666666666667,7.023769168568492,0.6666666666666666,0.5773502691896257,43,11.357816691600547,9.333333333333334,2.0816659994661326,0,0.0,0.6666666666666666,0.5773502691896257,3.6666666666666665,3.511884584284246,0,0.0,748.9818575559184,15.054068656951413,2.7181670302525163,2.3431770077966,2.172472324067106,0.6043079111471418,753.872496910238,16.91090921902808,0.0,0.0,0,0.0,0,0.0,521.3333333333334,13.613718571108091,628.3333333333334,42.027768598074935,1,0.0,520.3333333333334,13.613718571108091,63.333333333333336,54.9939390599849,0,0.0,43.666666666666664,11.015141094572204,0.0,0.0
REAL-FM-7,rs_1n,raw,C∪S,5,3,3,0,0,0,0,1,2.6666666666666665,0.5773502691896257,0.8888888888888888,0.1924500897298753,0.1794871794871795,0.04441155916843275,0.2972222222222222,0.06787106512705897,0.9166666666666666,0.14433756729740643,0.2424242424242424,0.09462118179391513,0.38069976001010486,0.13264024896784102,1.0,0.0,0.25757575757575757,0.06943296507508848,0.40634078565113046,0.08962535690366125,0,0.0,0.9444444444444444,0.0962250448649376,0.0,0.0,4.333333333333333,0.5773502691896257,0,0.0,0.3333333333333333,0.5773502691896257,0,0.0,0.3333333333333333,0.5773502691896257,91.66666666666667,7.023769168568492,0.6666666666666666,0.5773502691896257,8,1.7320508075688772,2.6666666666666665,0.5773502691896257,0,0.0,0.6666666666666666,0.5773502691896257,3.6666666666666665,3.511884584284246,0,0.0,748.9818575559184,15.054068656951413,2.7181670302525163,2.3431770077966,0.46968035167083144,0.055935907303998424,752.1697049378417,17.323316399053333,0.0,0.0,0,0.0,0,0.0,521.3333333333334,13.613718571108091,593.3333333333334,45.54484969053398,1,0.0,520.3333333333334,13.613718571108091,63.333333333333336,54.9939390599849,0,0.0,8.666666666666666,1.5275252316519468,0.0,0.0
REAL-FM-7,rs_1n,n/a,QuAcq,,3,3,0,0,0,0,1,0.6666666666666666,0.5773502691896257,0.6666666666666666,0.5773502691896257,0.05128205128205129,0.04441155916843275,0.09523809523809525,0.08247860988423227,0.6666666666666666,0.5773502691896257,0.030303030303030304,0.0262431940540739,0.05797101449275363,0.05020437123388051,0.6666666666666666,0.5773502691896257,0.030303030303030304,0.0262431940540739,0.05797101449275363,0.05020437123388051,0,0.0,0.9444444444444444,0.0962250448649376,0.0,0.0,4.333333333333333,0.5773502691896257,0,0.0,0.3333333333333333,0.5773502691896257,0,0.0,0.3333333333333333,0.5773502691896257,0,0.0,0,0.0,0,0.0,0.6666666666666666,0.5773502691896257,0,0.0,0,0.0,0,0.0,0,0.0,99.74193037487566,35.63711305006806,0.0,0.0,0.0,0.0,99.74193037487566,35.63711305006806,0.0,0.0,0,0.0,16,7.810249675906654,,,0,0.0,0,0.0,0,0.0,0,0.0,0,0.0,0,0.0,0.292782465616862,0.013128965129869705
REAL-FM-7,rs_1n,n/a,QuAcq-active,,3,3,0,0,0,0,1,12,0.0,0.25,0.0,0.23076923076923078,0.0,0.24000000000000002,0.0,1.0,0.0,0.7272727272727273,0.0,0.8421052631578948,0.0,1.0,0.0,0.7272727272727273,0.0,0.8421052631578948,0.0,1,0.0,1.0,0.0,1.0,0.0,4.333333333333333,0.5773502691896257,0.3333333333333333,0.5773502691896257,0,0.0,0,0.0,0.3333333333333333,0.5773502691896257,0,0.0,0,0.0,0,0.0,12,0.0,0,0.0,0,0.0,0,0.0,0,0.0,1945.9241669392213,0.0,0.0,0.0,0.0,0.0,1945.9241669392213,0.0,0.0,0.0,0,0.0,272,0.0,,,0,0.0,0,0.0,0,0.0,0,0.0,0,0.0,0,0.0,1.4127960205078125,0.0
REAL-FM-7,rs_2n,n/a,A,,3,3,0,0,0,0,0,69,3.4641016151377544,0.18871396442445307,0.009207385196645032,1.0,0.0,0.3174418604651163,0.013091081685113625,0.37592592592592594,0.022452510468485464,0.9545454545454546,0.0,0.5391527599486522,0.023345999331801322,0.7058823529411765,0.07641400621627398,0.9545454545454546,0.0,0.8099999999999999,0.0519615242270663,0,0.0,0.5583333333333333,0.21842237370135265,1.0,0.0,4.666666666666667,2.0816659994661326,0.6666666666666666,0.5773502691896257,0,0.0,4,1.7320508075688772,0.6666666666666666,0.5773502691896257,69,3.4641016151377544,0,0.0,0,0.0,69,3.4641016151377544,0,0.0,0,0.0,0,0.0,0,0.0,1719.8579547887978,253.69095118329457,0.0,0.0,0.0,0.0,1719.8579547887978,253.69095118329457,0.0,0.0,0,0.0,0,0.0,539.6666666666666,2.516611478423583,539.6666666666666,2.516611478423583,1,0.0,538.6666666666666,2.516611478423583,0,0.0,0,0.0,0,0.0,0.0,0.0
REAL-FM-7,rs_2n,reduced,C,,3,3,0,0,0,0,0,1,0.0,1.0,0.0,0.07692307692307693,0.0,0.14285714285714288,0.0,1.0,0.0,0.09090909090909091,0.0,0.16666666666666669,0.0,1.0,0.0,0.09090909090909091,0.0,0.16666666666666669,0.0,0,0.0,1.0,0.0,1.0,0.0,8.666666666666666,0.5773502691896257,0.6666666666666666,0.5773502691896257,0,0.0,0,0.0,0.6666666666666666,0.5773502691896257,69,3.4641016151377544,1,0.0,0,0.0,1,0.0,0,0.0,1,0.0,26.333333333333332,0.5773502691896257,1,0.0,1719.8579547887978,253.69095118329457,4.30420832708478,1.9860020896266006,0.0,0.0,1724.1621631158825,255.60228959222124,4.7239030051666,2.423512631171968,10.666666666666666,4.618802153517006,0,0.0,539.6666666666666,2.516611478423583,631,37.242448899072144,1,0.0,538.6666666666666,2.516611478423583,91.33333333333333,37.072002014098636,0,0.0,0,0.0,0.0,0.0
REAL-FM-7,rs_2n,reduced,C∪S,1,3,3,0,0,0,0,0,17,1.7320508075688772,0.7111111111111111,0.07698003589195015,0.9230769230769231,0.0,0.8018433179723502,0.047890805739231615,0.802675585284281,0.057928120654477465,0.9090909090909091,0.0,0.8518518518518519,0.03207501495497929,0.8101851851851852,0.05613127617121361,0.9545454545454546,0.0,0.8757763975155279,0.032274238650351686,0,0.0,0.5583333333333333,0.21842237370135265,1.0,0.0,4.666666666666667,2.0816659994661326,0.6666666666666666,0.5773502691896257,0,0.0,4,1.7320508075688772,0.6666666666666666,0.5773502691896257,69,3.4641016151377544,1,0.0,68,3.4641016151377544,17,1.7320508075688772,0,0.0,1,0.0,26.333333333333332,0.5773502691896257,1,0.0,1719.8579547887978,253.69095118329457,4.30420832708478,1.9860020896266006,3.9766663297389946,0.2350475696359845,1728.1388294456217,255.4843395104367,4.7239030051666,2.423512631171968,10.666666666666666,4.618802153517006,0,0.0,539.6666666666666,2.516611478423583,700,35.679125549822544,1,0.0,538.6666666666666,2.516611478423583,91.33333333333333,37.072002014098636,0,0.0,69,3.4641016151377544,0.0,0.0
REAL-FM-7,rs_2n,reduced,C∪S,2,3,3,0,0,0,0,0,16,1.7320508075688772,0.7333333333333333,0.06666666666666671,0.8974358974358975,0.044411559168432785,0.8056835637480798,0.04493579869834125,0.8216276477146043,0.050315648144467116,0.8939393939393939,0.026243194054073875,0.8555555555555555,0.029397236789606627,0.8287037037037037,0.04877617478172564,0.9393939393939394,0.02624319405407394,0.8799171842650103,0.029352892088525467,0,0.0,0.5916666666666667,0.2126225137028846,1.0,0.0,5,2.0,0.6666666666666666,0.5773502691896257,0,0.0,3.6666666666666665,1.5275252316519468,0.6666666666666666,0.5773502691896257,69,3.4641016151377544,1,0.0,63.333333333333336,4.618802153517006,16,1.7320508075688772,0,0.0,1,0.0,26.333333333333332,0.5773502691896257,1,0.0,1719.8579547887978,253.69095118329457,4.30420832708478,1.9860020896266006,3.7630693210909762,0.4110270780502929,1727.9252324369736,255.9118983221992,4.7239030051666,2.423512631171968,10.666666666666666,4.618802153517006,0,0.0,539.6666666666666,2.516611478423583,695.3333333333334,39.70306453327417,1,0.0,538.6666666666666,2.516611478423583,91.33333333333333,37.072002014098636,0,0.0,64.33333333333333,4.618802153517006,0.0,0.0
REAL-FM-7,rs_2n,reduced,C∪S,3,3,3,0,0,0,0,0,16,1.7320508075688772,0.7333333333333333,0.06666666666666671,0.8974358974358975,0.044411559168432785,0.8056835637480798,0.04493579869834125,0.8216276477146043,0.050315648144467116,0.8939393939393939,0.026243194054073875,0.8555555555555555,0.029397236789606627,0.8287037037037037,0.04877617478172564,0.9393939393939394,0.02624319405407394,0.8799171842650103,0.029352892088525467,0,0.0,0.5916666666666667,0.2126225137028846,1.0,0.0,5,2.0,0.6666666666666666,0.5773502691896257,0,0.0,3.6666666666666665,1.5275252316519468,0.6666666666666666,0.5773502691896257,69,3.4641016151377544,1,0.0,63.333333333333336,4.618802153517006,16,1.7320508075688772,0,0.0,1,0.0,26.333333333333332,0.5773502691896257,1,0.0,1719.8579547887978,253.69095118329457,4.30420832708478,1.9860020896266006,3.7264443235471845,0.49822477798635745,1727.8886074394297,255.82736602706407,4.7239030051666,2.423512631171968,10.666666666666666,4.618802153517006,0,0.0,539.6666666666666,2.516611478423583,695.3333333333334,39.70306453327417,1,0.0,538.6666666666666,2.516611478423583,91.33333333333333,37.072002014098636,0,0.0,64.33333333333333,4.618802153517006,0.0,0.0
REAL-FM-7,rs_2n,reduced,C∪S,5,3,3,0,0,0,0,0,7.666666666666667,1.5275252316519468,0.8379629629629629,0.19261707465476594,0.4871794871794872,0.1175019408963036,0.6116807169438749,0.1267183052390376,0.9393939393939394,0.10497277621629557,0.5606060606060606,0.13886593015017692,0.6997074997074998,0.13784014534565878,1.0,0.0,0.5909090909090909,0.09090909090909088,0.7401115401115401,0.07211128430134532,0,0.0,1.0,0.0,1.0,0.0,8.666666666666666,0.5773502691896257,0.6666666666666666,0.5773502691896257,0,0.0,0,0.0,0.6666666666666666,0.5773502691896257,69,3.4641016151377544,1,0.0,32.666666666666664,4.725815626252609,7.666666666666667,1.5275252316519468,0,0.0,1,0.0,26.333333333333332,0.5773502691896257,1,0.0,1719.8579547887978,253.69095118329457,4.30420832708478,1.9860020896266006,2.2890413141188524,1.0743991053492792,1726.4512044300016,254.92266660332683,4.7239030051666,2.423512631171968,10.666666666666666,4.618802153517006,0,0.0,539.6666666666666,2.516611478423583,664.6666666666666,36.143233576055884,1,0.0,538.6666666666666,2.516611478423583,91.33333333333333,37.072002014098636,0,0.0,33.666666666666664,4.725815626252609,0.0,0.0
REAL-FM-7,rs_2n,raw,C,,3,3,0,0,0,0,0,1,0.0,1.0,0.0,0.07692307692307693,0.0,0.14285714285714288,0.0,1.0,0.0,0.09090909090909091,0.0,0.16666666666666669,0.0,1.0,0.0,0.09090909090909091,0.0,0.16666666666666669,0.0,0,0.0,1.0,0.0,1.0,0.0,8.666666666666666,0.5773502691896257,0.6666666666666666,0.5773502691896257,0,0.0,0,0.0,0.6666666666666666,0.5773502691896257,69,3.4641016151377544,1,0.0,0,0.0,1,0.0,0,0.0,1,0.0,26.333333333333332,0.5773502691896257,1,0.0,1632.1432658005506,111.07291909881222,4.137708339840174,1.8257759481726203,0.0,0.0,1636.2809741403908,112.10372632782898,0.0,0.0,0,0.0,0,0.0,539.6666666666666,2.516611478423583,631,37.242448899072144,1,0.0,538.6666666666666,2.516611478423583,91.33333333333333,37.072002014098636,0,0.0,0,0.0,0.0,0.0
REAL-FM-7,rs_2n,raw,C∪S,1,3,3,0,0,0,0,0,17,1.7320508075688772,0.7111111111111111,0.07698003589195015,0.9230769230769231,0.0,0.8018433179723502,0.047890805739231615,0.802675585284281,0.057928120654477465,0.9090909090909091,0.0,0.8518518518518519,0.03207501495497929,0.8101851851851852,0.05613127617121361,0.9545454545454546,0.0,0.8757763975155279,0.032274238650351686,0,0.0,0.5583333333333333,0.21842237370135265,1.0,0.0,4.666666666666667,2.0816659994661326,0.6666666666666666,0.5773502691896257,0,0.0,4,1.7320508075688772,0.6666666666666666,0.5773502691896257,69,3.4641016151377544,1,0.0,68,3.4641016151377544,17,1.7320508075688772,0,0.0,1,0.0,26.333333333333332,0.5773502691896257,1,0.0,1632.1432658005506,111.07291909881222,4.137708339840174,1.8257759481726203,3.9104033494368196,0.10310072833418536,1640.1913774898276,112.02761107293344,0.0,0.0,0,0.0,0,0.0,539.6666666666666,2.516611478423583,700,35.679125549822544,1,0.0,538.6666666666666,2.516611478423583,91.33333333333333,37.072002014098636,0,0.0,69,3.4641016151377544,0.0,0.0
REAL-FM-7,rs_2n,raw,C∪S,2,3,3,0,0,0,0,0,16,1.7320508075688772,0.7333333333333333,0.06666666666666671,0.8974358974358975,0.044411559168432785,0.8056835637480798,0.04493579869834125,0.8216276477146043,0.050315648144467116,0.8939393939393939,0.026243194054073875,0.8555555555555555,0.029397236789606627,0.8287037037037037,0.04877617478172564,0.9393939393939394,0.02624319405407394,0.8799171842650103,0.029352892088525467,0,0.0,0.5916666666666667,0.2126225137028846,1.0,0.0,5,2.0,0.6666666666666666,0.5773502691896257,0,0.0,3.6666666666666665,1.5275252316519468,0.6666666666666666,0.5773502691896257,69,3.4641016151377544,1,0.0,63.333333333333336,4.618802153517006,16,1.7320508075688772,0,0.0,1,0.0,26.333333333333332,0.5773502691896257,1,0.0,1632.1432658005506,111.07291909881222,4.137708339840174,1.8257759481726203,3.7276389969823263,0.257734663949582,1640.008613137373,112.36121652454945,0.0,0.0,0,0.0,0,0.0,539.6666666666666,2.516611478423583,695.3333333333334,39.70306453327417,1,0.0,538.6666666666666,2.516611478423583,91.33333333333333,37.072002014098636,0,0.0,64.33333333333333,4.618802153517006,0.0,0.0
REAL-FM-7,rs_2n,raw,C∪S,3,3,3,0,0,0,0,0,16,1.7320508075688772,0.7333333333333333,0.06666666666666671,0.8974358974358975,0.044411559168432785,0.8056835637480798,0.04493579869834125,0.8216276477146043,0.050315648144467116,0.8939393939393939,0.026243194054073875,0.8555555555555555,0.029397236789606627,0.8287037037037037,0.04877617478172564,0.9393939393939394,0.02624319405407394,0.8799171842650103,0.029352892088525467,0,0.0,0.5916666666666667,0.2126225137028846,1.0,0.0,5,2.0,0.6666666666666666,0.5773502691896257,0,0.0,3.6666666666666665,1.5275252316519468,0.6666666666666666,0.5773502691896257,69,3.4641016151377544,1,0.0,63.333333333333336,4.618802153517006,16,1.7320508075688772,0,0.0,1,0.0,26.333333333333332,0.5773502691896257,1,0.0,1632.1432658005506,111.07291909881222,4.137708339840174,1.8257759481726203,3.5283190081827343,0.3620261877179179,1639.8092931485735,112.4644696281748,0.0,0.0,0,0.0,0,0.0,539.6666666666666,2.516611478423583,695.3333333333334,39.70306453327417,1,0.0,538.6666666666666,2.516611478423583,91.33333333333333,37.072002014098636,0,0.0,64.33333333333333,4.618802153517006,0.0,0.0
REAL-FM-7,rs_2n,raw,C∪S,5,3,3,0,0,0,0,0,7.666666666666667,1.5275252316519468,0.8379629629629629,0.19261707465476594,0.4871794871794872,0.1175019408963036,0.6116807169438749,0.1267183052390376,0.9393939393939394,0.10497277621629557,0.5606060606060606,0.13886593015017692,0.6997074997074998,0.13784014534565878,1.0,0.0,0.5909090909090909,0.09090909090909088,0.7401115401115401,0.07211128430134532,0,0.0,1.0,0.0,1.0,0.0,8.666666666666666,0.5773502691896257,0.6666666666666666,0.5773502691896257,0,0.0,0,0.0,0.6666666666666666,0.5773502691896257,69,3.4641016151377544,1,0.0,32.666666666666664,4.725815626252609,7.666666666666667,1.5275252316519468,0,0.0,1,0.0,26.333333333333332,0.5773502691896257,1,0.0,1632.1432658005506,111.07291909881222,4.137708339840174,1.8257759481726203,1.9065276719629765,0.2795976435061853,1638.1875018123537,111.88091638841243,0.0,0.0,0,0.0,0,0.0,539.6666666666666,2.516611478423583,664.6666666666666,36.143233576055884,1,0.0,538.6666666666666,2.516611478423583,91.33333333333333,37.072002014098636,0,0.0,33.666666666666664,4.725815626252609,0.0,0.0
REAL-FM-7,rs_2n,n/a,QuAcq,,3,3,0,0,0,0,0,0,0.0,0.0,0.0,0.0,0.0,0.0,0.0,0.0,0.0,0.0,0.0,0.0,0.0,0.0,0.0,0.0,0.0,0.0,0.0,0,0.0,0.9333333333333333,0.05773502691896256,0.0,0.0,8.666666666666666,0.5773502691896257,0,0.0,0.6666666666666666,0.5773502691896257,0,0.0,0.6666666666666666,0.5773502691896257,0,0.0,0,0.0,0,0.0,0,0.0,0,0.0,0,0.0,0,0.0,0,0.0,134.39905530928323,6.248523306370035,0.0,0.0,0.0,0.0,134.39905530928323,6.248523306370035,0.0,0.0,0,0.0,24.666666666666668,4.618802153517006,,,0,0.0,0,0.0,0,0.0,0,0.0,0,0.0,0,0.0,0.31369972229003906,0.006332916789992658
REAL-FM-7,rs_2n,n/a,QuAcq-active,,3,3,0,0,0,0,0,12,0.0,0.25,0.0,0.23076923076923078,0.0,0.24000000000000002,0.0,1.0,0.0,0.7272727272727273,0.0,0.8421052631578948,0.0,1.0,0.0,0.7272727272727273,0.0,0.8421052631578948,0.0,1,0.0,1.0,0.0,1.0,0.0,8.666666666666666,0.5773502691896257,0.6666666666666666,0.5773502691896257,0,0.0,0,0.0,0.6666666666666666,0.5773502691896257,0,0.0,0,0.0,0,0.0,12,0.0,0,0.0,0,0.0,0,0.0,0,0.0,1945.9241669392213,0.0,0.0,0.0,0.0,0.0,1945.9241669392213,0.0,0.0,0.0,0,0.0,272,0.0,,,0,0.0,0,0.0,0,0.0,0,0.0,0,0.0,0,0.0,1.4127960205078125,0.0
REAL-FM-7,rs_3n,n/a,A,,3,3,0,0,0,0,0,61.666666666666664,1.5275252316519468,0.21089776412357059,0.0052658738939059865,1.0,0.0,0.3483121044620684,0.007172539005518251,0.4317933130699088,0.01369158374520979,0.9545454545454546,0.0,0.5945260937606314,0.012940548633262168,0.9293478260869565,0.06407514197038912,0.9545454545454546,0.0,0.9410403325469048,0.03254217910276505,0.3333333333333333,0.5773502691896257,0.8603174603174604,0.1429629237993359,1.0,0.0,10.666666666666666,1.5275252316519468,1.3333333333333333,0.5773502691896257,0,0.0,2,2.0,1.3333333333333333,0.5773502691896257,61.666666666666664,1.5275252316519468,0,0.0,0,0.0,61.666666666666664,1.5275252316519468,0,0.0,0,0.0,0,0.0,0,0.0,2601.294329331722,91.08887023544342,0.0,0.0,0.0,0.0,2601.294329331722,91.08887023544342,0.0,0.0,0,0.0,0,0.0,542.3333333333334,2.0816659994661326,542.3333333333334,2.0816659994661326,1,0.0,541.3333333333334,2.0816659994661326,0,0.0,0,0.0,0,0.0,0.0,0.0
REAL-FM-7,rs_3n,reduced,C,,3,3,0,0,0,0,0,1.3333333333333333,0.5773502691896257,1.0,0.0,0.10256410256410257,0.04441155916843275,0.18412698412698417,0.07148146189966798,1.0,0.0,0.16666666666666666,0.1143914308374356,0.2744067526676222,0.17322278219820264,1.0,0.0,0.16666666666666666,0.1143914308374356,0.2744067526676222,0.17322278219820264,0,0.0,1.0,0.0,1.0,0.0,12.666666666666666,0.5773502691896257,1.3333333333333333,0.5773502691896257,0,0.0,0,0.0,1.3333333333333333,0.5773502691896257,61.666666666666664,1.5275252316519468,1.3333333333333333,0.5773502691896257,0,0.0,1.3333333333333333,0.5773502691896257,0,0.0,1,0.0,38,3.4641016151377544,1,0.0,2601.294329331722,91.08887023544342,8.751291684651127,1.9993642862436205,0.0,0.0,2610.0456210163734,91.52833386893171,8.02170797639216,1.3376017850496746,20,3.4641016151377544,0,0.0,542.3333333333334,2.0816659994661326,706.6666666666666,34.44318994131254,1,0.0,541.3333333333334,2.0816659994661326,164.33333333333334,35.21836642056717,0,0.0,0,0.0,0.0,0.0
REAL-FM-7,rs_3n,reduced,C∪S,1,3,3,0,0,0,0,0,13.666666666666666,1.5275252316519468,0.8857142857142857,0.10301575072754254,0.9230769230769231,0.0,0.902010582010582,0.05266908089162555,0.9262187088274044,0.06688295202369991,0.9090909090909091,0.0,0.9167869167869168,0.032438124675492716,0.9293478260869565,0.06407514197038912,0.9545454545454546,0.0,0.9410403325469048,0.03254217910276505,0.3333333333333333,0.5773502691896257,0.8603174603174604,0.1429629237993359,1.0,0.0,10.666666666666666,1.5275252316519468,1.3333333333333333,0.5773502691896257,0,0.0,2,2.0,1.3333333333333333,0.5773502691896257,61.666666666666664,1.5275252316519468,1.3333333333333333,0.5773502691896257,60.333333333333336,2.0816659994661326,13.666666666666666,1.5275252316519468,0,0.0,1,0.0,38,3.4641016151377544,1,0.0,2601.294329331722,91.08887023544342,8.751291684651127,1.9993642862436205,3.930250008124858,0.15612838065373527,2613.9758710244982,91.55538978507784,8.02170797639216,1.3376017850496746,20,3.4641016151377544,0,0.0,542.3333333333334,2.0816659994661326,768.3333333333334,34.297716153314546,1,0.0,541.3333333333334,2.0816659994661326,164.33333333333334,35.21836642056717,0,0.0,61.666666666666664,1.5275252316519468,0.0,0.0
REAL-FM-7,rs_3n,reduced,C∪S,2,3,3,0,0,0,0,0,13.666666666666666,1.5275252316519468,0.8857142857142857,0.10301575072754254,0.9230769230769231,0.0,0.902010582010582,0.05266908089162555,0.9262187088274044,0.06688295202369991,0.9090909090909091,0.0,0.9167869167869168,0.032438124675492716,0.9293478260869565,0.06407514197038912,0.9545454545454546,0.0,0.9410403325469048,0.03254217910276505,0.3333333333333333,0.5773502691896257,0.8603174603174604,0.1429629237993359,1.0,0.0,10.666666666666666,1.5275252316519468,1.3333333333333333,0.5773502691896257,0,0.0,2,2.0,1.3333333333333333,0.5773502691896257,61.666666666666664,1.5275252316519468,1.3333333333333333,0.5773502691896257,60.333333333333336,2.0816659994661326,13.666666666666666,1.5275252316519468,0,0.0,1,0.0,38,3.4641016151377544,1,0.0,2601.294329331722,91.08887023544342,8.751291684651127,1.9993642862436205,3.7852779884512224,0.17502509430169416,2613.8308990048245,91.35346003692631,8.02170797639216,1.3376017850496746,20,3.4641016151377544,0,0.0,542.3333333333334,2.0816659994661326,768.3333333333334,34.297716153314546,1,0.0,541.3333333333334,2.0816659994661326,164.33333333333334,35.21836642056717,0,0.0,61.666666666666664,1.5275252316519468,0.0,0.0
REAL-FM-7,rs_3n,reduced,C∪S,3,3,3,0,0,0,0,0,13.666666666666666,1.5275252316519468,0.8857142857142857,0.10301575072754254,0.9230769230769231,0.0,0.902010582010582,0.05266908089162555,0.9262187088274044,0.06688295202369991,0.9090909090909091,0.0,0.9167869167869168,0.032438124675492716,0.9293478260869565,0.06407514197038912,0.9545454545454546,0.0,0.9410403325469048,0.03254217910276505,0.3333333333333333,0.5773502691896257,0.8603174603174604,0.1429629237993359,1.0,0.0,10.666666666666666,1.5275252316519468,1.3333333333333333,0.5773502691896257,0,0.0,2,2.0,1.3333333333333333,0.5773502691896257,61.666666666666664,1.5275252316519468,1.3333333333333333,0.5773502691896257,60.333333333333336,2.0816659994661326,13.666666666666666,1.5275252316519468,0,0.0,1,0.0,38,3.4641016151377544,1,0.0,2601.294329331722,91.08887023544342,8.751291684651127,1.9993642862436205,3.801166662015021,0.12632860919412192,2613.8467876783884,91.40240740295708,8.02170797639216,1.3376017850496746,20,3.4641016151377544,0,0.0,542.3333333333334,2.0816659994661326,768.3333333333334,34.297716153314546,1,0.0,541.3333333333334,2.0816659994661326,164.33333333333334,35.21836642056717,0,0.0,61.666666666666664,1.5275252316519468,0.0,0.0
REAL-FM-7,rs_3n,reduced,C∪S,5,3,3,0,0,0,0,0,10.666666666666666,1.1547005383792515,1.0,0.0,0.8205128205128206,0.0888231183368655,0.8997101449275363,0.052212546083235715,1.0,0.0,0.8484848484848485,0.05248638810814775,0.9174603174603174,0.030242156957551784,1.0,0.0,0.8787878787878788,0.06943296507508849,0.9345244847797315,0.03894649907979289,0.3333333333333333,0.5773502691896257,1.0,0.0,1.0,0.0,12.666666666666666,0.5773502691896257,1.3333333333333333,0.5773502691896257,0,0.0,0,0.0,1.3333333333333333,0.5773502691896257,61.666666666666664,1.5275252316519468,1.3333333333333333,0.5773502691896257,51.333333333333336,5.8594652770823155,10.666666666666666,1.1547005383792515,0,0.0,1,0.0,38,3.4641016151377544,1,0.0,2601.294329331722,91.08887023544342,8.751291684651127,1.9993642862436205,3.1768469877230623,0.37217068686802723,2613.2224680040963,91.90028250930048,8.02170797639216,1.3376017850496746,20,3.4641016151377544,0,0.0,542.3333333333334,2.0816659994661326,759.3333333333334,38.47510017314228,1,0.0,541.3333333333334,2.0816659994661326,164.33333333333334,35.21836642056717,0,0.0,52.666666666666664,6.429100507328637,0.0,0.0
REAL-FM-7,rs_3n,raw,C,,3,3,0,0,0,0,0,1.3333333333333333,0.5773502691896257,1.0,0.0,0.10256410256410257,0.04441155916843275,0.18412698412698417,0.07148146189966798,1.0,0.0,0.16666666666666666,0.1143914308374356,0.2744067526676222,0.17322278219820264,1.0,0.0,0.16666666666666666,0.1143914308374356,0.2744067526676222,0.17322278219820264,0,0.0,1.0,0.0,1.0,0.0,12.666666666666666,0.5773502691896257,1.3333333333333333,0.5773502691896257,0,0.0,0,0.0,1.3333333333333333,0.5773502691896257,61.666666666666664,1.5275252316519468,1.3333333333333333,0.5773502691896257,0,0.0,1.3333333333333333,0.5773502691896257,0,0.0,1,0.0,38,3.4641016151377544,1,0.0,2620.9134964544014,114.11490781848428,8.621041662991047,2.1085120429433797,0.0,0.0,2629.5345381173925,114.4646150479807,0.0,0.0,0,0.0,0,0.0,542.3333333333334,2.0816659994661326,706.6666666666666,34.44318994131254,1,0.0,541.3333333333334,2.0816659994661326,164.33333333333334,35.21836642056717,0,0.0,0,0.0,0.0,0.0
REAL-FM-7,rs_3n,raw,C∪S,1,3,3,0,0,0,0,0,13.666666666666666,1.5275252316519468,0.8857142857142857,0.10301575072754254,0.9230769230769231,0.0,0.902010582010582,0.05266908089162555,0.9262187088274044,0.06688295202369991,0.9090909090909091,0.0,0.9167869167869168,0.032438124675492716,0.9293478260869565,0.06407514197038912,0.9545454545454546,0.0,0.9410403325469048,0.03254217910276505,0.3333333333333333,0.5773502691896257,0.8603174603174604,0.1429629237993359,1.0,0.0,10.666666666666666,1.5275252316519468,1.3333333333333333,0.5773502691896257,0,0.0,2,2.0,1.3333333333333333,0.5773502691896257,61.666666666666664,1.5275252316519468,1.3333333333333333,0.5773502691896257,60.333333333333336,2.0816659994661326,13.666666666666666,1.5275252316519468,0,0.0,1,0.0,38,3.4641016151377544,1,0.0,2620.9134964544014,114.11490781848428,8.621041662991047,2.1085120429433797,3.883791641176989,0.2028082428693077,2633.4183297585696,114.26184303255842,0.0,0.0,0,0.0,0,0.0,542.3333333333334,2.0816659994661326,768.3333333333334,34.297716153314546,1,0.0,541.3333333333334,2.0816659994661326,164.33333333333334,35.21836642056717,0,0.0,61.666666666666664,1.5275252316519468,0.0,0.0
REAL-FM-7,rs_3n,raw,C∪S,2,3,3,0,0,0,0,0,13.666666666666666,1.5275252316519468,0.8857142857142857,0.10301575072754254,0.9230769230769231,0.0,0.902010582010582,0.05266908089162555,0.9262187088274044,0.06688295202369991,0.9090909090909091,0.0,0.9167869167869168,0.032438124675492716,0.9293478260869565,0.06407514197038912,0.9545454545454546,0.0,0.9410403325469048,0.03254217910276505,0.3333333333333333,0.5773502691896257,0.8603174603174604,0.1429629237993359,1.0,0.0,10.666666666666666,1.5275252316519468,1.3333333333333333,0.5773502691896257,0,0.0,2,2.0,1.3333333333333333,0.5773502691896257,61.666666666666664,1.5275252316519468,1.3333333333333333,0.5773502691896257,60.333333333333336,2.0816659994661326,13.666666666666666,1.5275252316519468,0,0.0,1,0.0,38,3.4641016151377544,1,0.0,2620.9134964544014,114.11490781848428,8.621041662991047,2.1085120429433797,3.7624306860379875,0.11167537820959793,2633.2969688034304,114.57598734324593,0.0,0.0,0,0.0,0,0.0,542.3333333333334,2.0816659994661326,768.3333333333334,34.297716153314546,1,0.0,541.3333333333334,2.0816659994661326,164.33333333333334,35.21836642056717,0,0.0,61.666666666666664,1.5275252316519468,0.0,0.0
REAL-FM-7,rs_3n,raw,C∪S,3,3,3,0,0,0,0,0,13.666666666666666,1.5275252316519468,0.8857142857142857,0.10301575072754254,0.9230769230769231,0.0,0.902010582010582,0.05266908089162555,0.9262187088274044,0.06688295202369991,0.9090909090909091,0.0,0.9167869167869168,0.032438124675492716,0.9293478260869565,0.06407514197038912,0.9545454545454546,0.0,0.9410403325469048,0.03254217910276505,0.3333333333333333,0.5773502691896257,0.8603174603174604,0.1429629237993359,1.0,0.0,10.666666666666666,1.5275252316519468,1.3333333333333333,0.5773502691896257,0,0.0,2,2.0,1.3333333333333333,0.5773502691896257,61.666666666666664,1.5275252316519468,1.3333333333333333,0.5773502691896257,60.333333333333336,2.0816659994661326,13.666666666666666,1.5275252316519468,0,0.0,1,0.0,38,3.4641016151377544,1,0.0,2620.9134964544014,114.11490781848428,8.621041662991047,2.1085120429433797,3.8292776832046607,0.14975206271768235,2633.3638158005974,114.31673307447255,0.0,0.0,0,0.0,0,0.0,542.3333333333334,2.0816659994661326,768.3333333333334,34.297716153314546,1,0.0,541.3333333333334,2.0816659994661326,164.33333333333334,35.21836642056717,0,0.0,61.666666666666664,1.5275252316519468,0.0,0.0
REAL-FM-7,rs_3n,raw,C∪S,5,3,3,0,0,0,0,0,10.666666666666666,1.1547005383792515,1.0,0.0,0.8205128205128206,0.0888231183368655,0.8997101449275363,0.052212546083235715,1.0,0.0,0.8484848484848485,0.05248638810814775,0.9174603174603174,0.030242156957551784,1.0,0.0,0.8787878787878788,0.06943296507508849,0.9345244847797315,0.03894649907979289,0.3333333333333333,0.5773502691896257,1.0,0.0,1.0,0.0,12.666666666666666,0.5773502691896257,1.3333333333333333,0.5773502691896257,0,0.0,0,0.0,1.3333333333333333,0.5773502691896257,61.666666666666664,1.5275252316519468,1.3333333333333333,0.5773502691896257,51.333333333333336,5.8594652770823155,10.666666666666666,1.1547005383792515,0,0.0,1,0.0,38,3.4641016151377544,1,0.0,2620.9134964544014,114.11490781848428,8.621041662991047,2.1085120429433797,3.2494580179142454,0.5110340605791581,2632.783996135307,114.96207589612617,0.0,0.0,0,0.0,0,0.0,542.3333333333334,2.0816659994661326,759.3333333333334,38.47510017314228,1,0.0,541.3333333333334,2.0816659994661326,164.33333333333334,35.21836642056717,0,0.0,52.666666666666664,6.429100507328637,0.0,0.0
REAL-FM-7,rs_3n,n/a,QuAcq,,3,3,0,0,0,0,0,0,0.0,0.0,0.0,0.0,0.0,0.0,0.0,0.0,0.0,0.0,0.0,0.0,0.0,0.0,0.0,0.0,0.0,0.0,0.0,0,0.0,0.9521367521367522,0.04176680930895935,0.5,0.5,12.666666666666666,0.5773502691896257,0.6666666666666666,0.5773502691896257,0.6666666666666666,0.5773502691896257,0,0.0,1.3333333333333333,0.5773502691896257,0,0.0,0,0.0,0,0.0,0,0.0,0,0.0,0,0.0,0,0.0,0,0.0,152.2943890110279,19.441277799768017,0.0,0.0,0.0,0.0,152.2943890110279,19.441277799768017,0.0,0.0,0,0.0,30.666666666666668,6.429100507328637,,,0,0.0,0,0.0,0,0.0,0,0.0,0,0.0,0,0.0,0.32591692606608075,0.011736105279768988
REAL-FM-7,rs_3n,n/a,QuAcq-active,,3,3,0,0,0,0,0,12,0.0,0.25,0.0,0.23076923076923078,0.0,0.24000000000000002,0.0,1.0,0.0,0.7272727272727273,0.0,0.8421052631578948,0.0,1.0,0.0,0.7272727272727273,0.0,0.8421052631578948,0.0,1,0.0,1.0,0.0,1.0,0.0,12.666666666666666,0.5773502691896257,1.3333333333333333,0.5773502691896257,0,0.0,0,0.0,1.3333333333333333,0.5773502691896257,0,0.0,0,0.0,0,0.0,12,0.0,0,0.0,0,0.0,0,0.0,0,0.0,1945.9241669392213,0.0,0.0,0.0,0.0,0.0,1945.9241669392213,0.0,0.0,0.0,0,0.0,272,0.0,,,0,0.0,0,0.0,0,0.0,0,0.0,0,0.0,0,0.0,1.4127960205078125,0.0
REAL-FM-7,rs_m,n/a,A,,3,3,0,0,0,0,1,131.66666666666666,6.3508529610858835,0.0988833932853717,0.004640348948635143,1.0,0.0,0.17994898594002737,0.0077044688777637696,0.17935041142679709,0.00986348076087774,0.9545454545454546,0.0,0.3018829754123872,0.01404913351146308,0.22730337078651686,0.01498515867222512,0.9545454545454546,0.0,0.36700635061290804,0.019696929874878664,0,0.0,0.19444444444444445,0.1734721666221777,1.0,0.0,0.3333333333333333,0.5773502691896257,0.3333333333333333,0.5773502691896257,0,0.0,2.3333333333333335,0.5773502691896257,0.3333333333333333,0.5773502691896257,131.66666666666666,6.3508529610858835,0,0.0,0,0.0,131.66666666666666,6.3508529610858835,0,0.0,0,0.0,0,0.0,0,0.0,449.0891889242145,68.33215345704652,0.0,0.0,0.0,0.0,449.0891889242145,68.33215345704652,0.0,0.0,0,0.0,0,0.0,479.6666666666667,5.773502691896257,479.6666666666667,5.773502691896257,1,0.0,478.6666666666667,5.773502691896257,0,0.0,0,0.0,0,0.0,0.0,0.0
REAL-FM-7,rs_m,reduced,C,,3,3,0,0,0,0,1,0.6666666666666666,0.5773502691896257,0.6666666666666666,0.5773502691896257,0.05128205128205129,0.04441155916843275,0.09523809523809525,0.08247860988423227,0.6666666666666666,0.5773502691896257,0.06060606060606061,0.0524863881081478,0.11111111111111112,0.09622504486493764,0.6666666666666666,0.5773502691896257,0.06060606060606061,0.0524863881081478,0.11111111111111112,0.09622504486493764,0,0.0,0.9166666666666666,0.14433756729740643,0.0,0.0,2.6666666666666665,0.5773502691896257,0,0.0,0.3333333333333333,0.5773502691896257,0,0.0,0.3333333333333333,0.5773502691896257,131.66666666666666,6.3508529610858835,0.6666666666666666,0.5773502691896257,0,0.0,0.6666666666666666,0.5773502691896257,0,0.0,0.6666666666666666,0.5773502691896257,10.333333333333334,8.962886439832502,0.3333333333333333,0.5773502691896257,449.0891889242145,68.33215345704652,3.413514311735829,2.9367142962788377,0.0,0.0,452.5027032359503,69.56892985740043,1.9919723272323608,1.725364567067155,6,5.196152422706632,0,0.0,479.6666666666667,5.773502691896257,568.6666666666666,74.19119444606167,1,0.0,478.6666666666667,5.773502691896257,89,77.272245987806,0,0.0,0,0.0,0.0,0.0
REAL-FM-7,rs_m,reduced,C∪S,1,3,3,0,0,0,0,1,15.333333333333334,0.5773502691896257,0.43472222222222223,0.033420026154211004,0.5128205128205128,0.04441155916843272,0.47044334975369456,0.0372727732769004,0.6777777777777777,0.01924500897298752,0.6666666666666666,0.05248638810814781,0.6711605437591281,0.0225825707839609,0.7348148148148148,0.02861215987530068,0.8787878787878788,0.026243194054073875,0.8001157909972499,0.021664446075632,0,0.0,0.3888888888888889,0.3469443332443554,1.0,0.0,1,1.0,0.3333333333333333,0.5773502691896257,0,0.0,1.6666666666666667,0.5773502691896257,0.3333333333333333,0.5773502691896257,131.66666666666666,6.3508529610858835,0.6666666666666666,0.5773502691896257,94.66666666666667,9.29157324317757,15.333333333333334,0.5773502691896257,0,0.0,0.6666666666666666,0.5773502691896257,10.333333333333334,8.962886439832502,0.3333333333333333,0.5773502691896257,449.0891889242145,68.33215345704652,3.413514311735829,2.9367142962788377,4.492096661124378,0.41479933027001553,456.9947998970747,69.79906514235762,1.9919723272323608,1.725364567067155,6,5.196152422706632,0,0.0,479.6666666666667,5.773502691896257,664,69.63476143421474,1,0.0,478.6666666666667,5.773502691896257,89,77.272245987806,0,0.0,95.33333333333333,8.962886439832502,0.0,0.0
REAL-FM-7,rs_m,reduced,C∪S,2,3,3,0,0,0,0,1,6.333333333333333,3.2145502536643185,0.5,0.09999999999999998,0.25641025641025644,0.177646236673731,0.32641849010135454,0.1692788616977759,0.6793650793650794,0.11481359568269925,0.30303030303030304,0.20994555243259116,0.4034083344428172,0.2124414632964746,0.8194833488951135,0.039836941702581216,0.40909090909090906,0.19813177016093972,0.5277849082076,0.1657687854067984,0,0.0,0.6666666666666666,0.5773502691896257,1.0,0.0,2,1.7320508075688772,0.3333333333333333,0.5773502691896257,0,0.0,0.6666666666666666,1.1547005383792515,0.3333333333333333,0.5773502691896257,131.66666666666666,6.3508529610858835,0.6666666666666666,0.5773502691896257,30,20.074859899884732,6.333333333333333,3.2145502536643185,0,0.0,0.6666666666666666,0.5773502691896257,10.333333333333334,8.962886439832502,0.3333333333333333,0.5773502691896257,449.0891889242145,68.33215345704652,3.413514311735829,2.9367142962788377,1.3958746567368507,0.9096538277730981,453.8985778926872,70.47750214940298,1.9919723272323608,1.725364567067155,6,5.196152422706632,0,0.0,479.6666666666667,5.773502691896257,599.3333333333334,84.50049309520823,1,0.0,478.6666666666667,5.773502691896257,89,77.272245987806,0,0.0,30.666666666666668,20.305992547357377,0.0,0.0
REAL-FM-7,rs_m,reduced,C∪S,3,3,3,0,0,0,0,1,3,1.7320508075688772,0.5333333333333333,0.05773502691896256,0.12820512820512822,0.0888231183368655,0.20000000000000004,0.11547005383792516,0.6825396825396826,0.02749286996141078,0.13636363636363635,0.07872958216222169,0.22160919540229884,0.10671025665022046,0.9166666666666666,0.14433756729740643,0.1818181818181818,0.07872958216222169,0.29333333333333333,0.09237604307034009,0,0.0,0.6666666666666666,0.5773502691896257,1.0,0.0,2,1.7320508075688772,0.3333333333333333,0.5773502691896257,0,0.0,0.6666666666666666,1.1547005383792515,0.3333333333333333,0.5773502691896257,131.66666666666666,6.3508529610858835,0.6666666666666666,0.5773502691896257,9.666666666666666,7.234178138070235,3,1.7320508075688772,0,0.0,0.6666666666666666,0.5773502691896257,10.333333333333334,8.962886439832502,0.3333333333333333,0.5773502691896257,449.0891889242145,68.33215345704652,3.413514311735829,2.9367142962788377,0.5122083433282872,0.3481797742814689,453.0149115792786,69.91655751262512,1.9919723272323608,1.725364567067155,6,5.196152422706632,0,0.0,479.6666666666667,5.773502691896257,579,78.1728853247723,1,0.0,478.6666666666667,5.773502691896257,89,77.272245987806,0,0.0,10.333333333333334,7.505553499465135,0.0,0.0
REAL-FM-7,rs_m,reduced,C∪S,5,3,3,0,0,0,0,1,1,0.0,1.0,0.0,0.07692307692307693,0.0,0.14285714285714288,0.0,1.0,0.0,0.09090909090909091,0.0,0.16666666666666669,0.0,1.0,0.0,0.09090909090909091,0.0,0.16666666666666669,0.0,0,0.0,1.0,0.0,1.0,0.0,2.6666666666666665,0.5773502691896257,0.3333333333333333,0.5773502691896257,0,0.0,0,0.0,0.3333333333333333,0.5773502691896257,131.66666666666666,6.3508529610858835,0.6666666666666666,0.5773502691896257,3.3333333333333335,0.5773502691896257,1,0.0,0,0.0,0.6666666666666666,0.5773502691896257,10.333333333333334,8.962886439832502,0.3333333333333333,0.5773502691896257,449.0891889242145,68.33215345704652,3.413514311735829,2.9367142962788377,0.20058334727461138,0.009242895156080667,452.70328658322495,69.56726781864597,1.9919723272323608,1.725364567067155,6,5.196152422706632,0,0.0,479.6666666666667,5.773502691896257,572.6666666666666,74.19119444606167,1,0.0,478.6666666666667,5.773502691896257,89,77.272245987806,0,0.0,4,0.0,0.0,0.0
REAL-FM-7,rs_m,raw,C,,3,3,0,0,0,0,1,0.6666666666666666,0.5773502691896257,0.6666666666666666,0.5773502691896257,0.05128205128205129,0.04441155916843275,0.09523809523809525,0.08247860988423227,0.6666666666666666,0.5773502691896257,0.06060606060606061,0.0524863881081478,0.11111111111111112,0.09622504486493764,0.6666666666666666,0.5773502691896257,0.06060606060606061,0.0524863881081478,0.11111111111111112,0.09622504486493764,0,0.0,0.9166666666666666,0.14433756729740643,0.0,0.0,2.6666666666666665,0.5773502691896257,0,0.0,0.3333333333333333,0.5773502691896257,0,0.0,0.3333333333333333,0.5773502691896257,131.66666666666666,6.3508529610858835,0.6666666666666666,0.5773502691896257,0,0.0,0.6666666666666666,0.5773502691896257,0,0.0,0.6666666666666666,0.5773502691896257,10.333333333333334,8.962886439832502,0.3333333333333333,0.5773502691896257,449.9140180802594,59.99491126180136,3.4245139880416295,2.9494989046031512,0.0,0.0,453.338532068301,61.3968784786419,0.0,0.0,0,0.0,0,0.0,479.6666666666667,5.773502691896257,568.6666666666666,74.19119444606167,1,0.0,478.6666666666667,5.773502691896257,89,77.272245987806,0,0.0,0,0.0,0.0,0.0
REAL-FM-7,rs_m,raw,C∪S,1,3,3,0,0,0,0,1,15.333333333333334,0.5773502691896257,0.43472222222222223,0.033420026154211004,0.5128205128205128,0.04441155916843272,0.47044334975369456,0.0372727732769004,0.6777777777777777,0.01924500897298752,0.6666666666666666,0.05248638810814781,0.6711605437591281,0.0225825707839609,0.7348148148148148,0.02861215987530068,0.8787878787878788,0.026243194054073875,0.8001157909972499,0.021664446075632,0,0.0,0.3888888888888889,0.3469443332443554,1.0,0.0,1,1.0,0.3333333333333333,0.5773502691896257,0,0.0,1.6666666666666667,0.5773502691896257,0.3333333333333333,0.5773502691896257,131.66666666666666,6.3508529610858835,0.6666666666666666,0.5773502691896257,94.66666666666667,9.29157324317757,15.333333333333334,0.5773502691896257,0,0.0,0.6666666666666666,0.5773502691896257,10.333333333333334,8.962886439832502,0.3333333333333333,0.5773502691896257,449.9140180802594,59.99491126180136,3.4245139880416295,2.9494989046031512,4.252930676254134,0.45270291651046857,457.59146274455514,61.63141185741547,0.0,0.0,0,0.0,0,0.0,479.6666666666667,5.773502691896257,664,69.63476143421474,1,0.0,478.6666666666667,5.773502691896257,89,77.272245987806,0,0.0,95.33333333333333,8.962886439832502,0.0,0.0
REAL-FM-7,rs_m,raw,C∪S,2,3,3,0,0,0,0,1,6.333333333333333,3.2145502536643185,0.5,0.09999999999999998,0.25641025641025644,0.177646236673731,0.32641849010135454,0.1692788616977759,0.6793650793650794,0.11481359568269925,0.30303030303030304,0.20994555243259116,0.4034083344428172,0.2124414632964746,0.8194833488951135,0.039836941702581216,0.40909090909090906,0.19813177016093972,0.5277849082076,0.1657687854067984,0,0.0,0.6666666666666666,0.5773502691896257,1.0,0.0,2,1.7320508075688772,0.3333333333333333,0.5773502691896257,0,0.0,0.6666666666666666,1.1547005383792515,0.3333333333333333,0.5773502691896257,131.66666666666666,6.3508529610858835,0.6666666666666666,0.5773502691896257,30,20.074859899884732,6.333333333333333,3.2145502536643185,0,0.0,0.6666666666666666,0.5773502691896257,10.333333333333334,8.962886439832502,0.3333333333333333,0.5773502691896257,449.9140180802594,59.99491126180136,3.4245139880416295,2.9494989046031512,1.455402661425372,0.9249145091013968,454.79393472972635,62.31526804396572,0.0,0.0,0,0.0,0,0.0,479.6666666666667,5.773502691896257,599.3333333333334,84.50049309520823,1,0.0,478.6666666666667,5.773502691896257,89,77.272245987806,0,0.0,30.666666666666668,20.305992547357377,0.0,0.0
REAL-FM-7,rs_m,raw,C∪S,3,3,3,0,0,0,0,1,3,1.7320508075688772,0.5333333333333333,0.05773502691896256,0.12820512820512822,0.0888231183368655,0.20000000000000004,0.11547005383792516,0.6825396825396826,0.02749286996141078,0.13636363636363635,0.07872958216222169,0.22160919540229884,0.10671025665022046,0.9166666666666666,0.14433756729740643,0.1818181818181818,0.07872958216222169,0.29333333333333333,0.09237604307034009,0,0.0,0.6666666666666666,0.5773502691896257,1.0,0.0,2,1.7320508075688772,0.3333333333333333,0.5773502691896257,0,0.0,0.6666666666666666,1.1547005383792515,0.3333333333333333,0.5773502691896257,131.66666666666666,6.3508529610858835,0.6666666666666666,0.5773502691896257,9.666666666666666,7.234178138070235,3,1.7320508075688772,0,0.0,0.6666666666666666,0.5773502691896257,10.333333333333334,8.962886439832502,0.3333333333333333,0.5773502691896257,449.9140180802594,59.99491126180136,3.4245139880416295,2.9494989046031512,0.5082083128703138,0.3583714803348589,453.8467403811713,61.755214715411576,0.0,0.0,0,0.0,0,0.0,479.6666666666667,5.773502691896257,579,78.1728853247723,1,0.0,478.6666666666667,5.773502691896257,89,77.272245987806,0,0.0,10.333333333333334,7.505553499465135,0.0,0.0
REAL-FM-7,rs_m,raw,C∪S,5,3,3,0,0,0,0,1,1,0.0,1.0,0.0,0.07692307692307693,0.0,0.14285714285714288,0.0,1.0,0.0,0.09090909090909091,0.0,0.16666666666666669,0.0,1.0,0.0,0.09090909090909091,0.0,0.16666666666666669,0.0,0,0.0,1.0,0.0,1.0,0.0,2.6666666666666665,0.5773502691896257,0.3333333333333333,0.5773502691896257,0,0.0,0,0.0,0.3333333333333333,0.5773502691896257,131.66666666666666,6.3508529610858835,0.6666666666666666,0.5773502691896257,3.3333333333333335,0.5773502691896257,1,0.0,0,0.0,0.6666666666666666,0.5773502691896257,10.333333333333334,8.962886439832502,0.3333333333333333,0.5773502691896257,449.9140180802594,59.99491126180136,3.4245139880416295,2.9494989046031512,0.23958364423985282,0.041063844877893406,453.57811571254086,61.4256322176729,0.0,0.0,0,0.0,0,0.0,479.6666666666667,5.773502691896257,572.6666666666666,74.19119444606167,1,0.0,478.6666666666667,5.773502691896257,89,77.272245987806,0,0.0,4,0.0,0.0,0.0
REAL-FM-7,rs_m,n/a,QuAcq,,3,3,0,0,0,0,1,0,0.0,0.0,0.0,0.0,0.0,0.0,0.0,0.0,0.0,0.0,0.0,0.0,0.0,0.0,0.0,0.0,0.0,0.0,0.0,0,0.0,0.9166666666666666,0.14433756729740643,0.0,0.0,2.6666666666666665,0.5773502691896257,0,0.0,0.3333333333333333,0.5773502691896257,0,0.0,0.3333333333333333,0.5773502691896257,0,0.0,0,0.0,0,0.0,0,0.0,0,0.0,0,0.0,0,0.0,0,0.0,88.71713897679001,35.07502611880457,0.0,0.0,0.0,0.0,88.71713897679001,35.07502611880457,0.0,0.0,0,0.0,10.666666666666666,5.773502691896257,,,0,0.0,0,0.0,0,0.0,0,0.0,0,0.0,0,0.0,0.2780933380126953,1.52587890625e-05
REAL-FM-7,rs_m,n/a,QuAcq-active,,3,3,0,0,0,0,1,12,0.0,0.25,0.0,0.23076923076923078,0.0,0.24000000000000002,0.0,1.0,0.0,0.7272727272727273,0.0,0.8421052631578948,0.0,1.0,0.0,0.7272727272727273,0.0,0.8421052631578948,0.0,1,0.0,1.0,0.0,1.0,0.0,2.6666666666666665,0.5773502691896257,0.3333333333333333,0.5773502691896257,0,0.0,0,0.0,0.3333333333333333,0.5773502691896257,0,0.0,0,0.0,0,0.0,12,0.0,0,0.0,0,0.0,0,0.0,0,0.0,1945.9241669392213,0.0,0.0,0.0,0.0,0.0,1945.9241669392213,0.0,0.0,0.0,0,0.0,272,0.0,,,0,0.0,0,0.0,0,0.0,0,0.0,0,0.0,0,0.0,1.4127960205078125,0.0
